order_id,item_id,buyer_id,quantity,order_time,country
13006128673,11115650053,735072,35,2019/8/31,SG
13006128674,11115650054,3556076,24,2019/8/30,SG
7797422667,5906944047,686710,28,2019/8/30,SG
7797422666,5906944046,753001,25,2019/8/31,SG
9801576917,7911098297,899075,16,2019/8/31,SG
9801576913,7911098293,686710,8,2019/8/31,SG
7797422669,5906944049,129481,25,2019/8/31,SG
13006128679,11115650059,735072,18,2019/8/30,SG
13006128677,11115650057,1655461,2,2019/8/30,SG
13006128682,11115650062,899075,17,2019/8/30,SG
2682963718,792485098,1085849,16,2019/8/30,SG
2213405953,322927333,129481,17,2019/8/31,SG
213189473,1677289147,397144,30,2019/8/31,SG
1869900343,20578277,397144,25,2019/8/31,SG
3031675529,1141196909,1334821,31,2019/8/31,SG
7611203859,5720725239,443084,17,2019/8/30,SG
4046520314,2156041694,806717,35,2019/8/31,SG
12401428888,10510950268,516834,19,2019/8/30,SG
12401428887,10510950267,1255753,15,2019/8/30,SG
2125315103,234836483,620527,27,2019/8/30,SG
7611203858,5720725238,1349260,23,2019/8/30,SG
4046520317,2156041697,592764,23,2019/8/30,SG
161046514,1729432106,386912,5,2019/8/30,SG
12401428889,10510950269,1334821,5,2019/8/30,SG
12401428883,10510950263,787546,24,2019/8/30,SG
12928399993,11037921373,1035145,26,2019/8/30,SG
7611203857,5720725237,144297,26,2019/8/30,SG
3223213673,1332735053,603287,11,2019/8/30,SG
3223213669,1332735049,664883,24,2019/8/30,SG
161046518,1729432102,172568,20,2019/8/30,SG
12928399994,11037921374,1082515,21,2019/8/31,SG
2125315099,234836479,106351,1,2019/8/30,SG
1086194379,804284241,1407345,15,2019/8/31,SG
1086194378,804284242,620527,13,2019/8/31,SG
6185948416,4295469796,809903,33,2019/8/30,SG
6958238186,5067759566,207120,11,2019/8/31,SG
8718571773,6828093153,735872,29,2019/8/30,SG
4030445432,2139966812,1407345,16,2019/8/30,SG
6185948422,4295469802,1324746,14,2019/8/30,SG
1745418674,145059946,1324746,19,2019/8/30,SG
6219380499,4328901879,586164,30,2019/8/31,SG
3553797903,1663319283,1324746,28,2019/8/30,SG
11609737234,9719258614,1446418,8,2019/8/31,SG
5407791496,3517312876,480439,13,2019/8/31,SG
2102641807,212163187,1334821,25,2019/8/31,SG
6958238187,5067759567,2550613,8,2019/8/30,SG
2261721899,371243279,2550613,22,2019/8/30,SG
2485670654,595192034,787546,33,2019/8/31,SG
2102641808,212163188,1085803,35,2019/8/30,SG
1524766277,365712343,1197882,23,2019/8/30,SG
13475544157,11585065537,410381,1,2019/8/31,SG
2505451109,614972489,207120,15,2019/8/30,SG
8057232272,6166753652,144297,24,2019/8/30,SG
5407791488,3517312868,540628,12,2019/8/30,SG
4343951277,2453472657,735872,14,2019/8/31,SG
1295572863,594905757,144297,28,2019/8/30,SG
1359150682,531327938,1446418,1,2019/8/30,SG
7412115347,5521636727,809903,4,2019/8/31,SG
2261721896,371243276,1197882,32,2019/8/30,SG
1441074793,449403827,586164,22,2019/8/30,SG
2607761399,717282779,651699,32,2019/8/31,SG
1646653864,243824756,1391773,17,2019/8/31,SG
7406939998,5516461378,730946,24,2019/8/30,SG
13475544158,11585065538,2004397,26,2019/8/31,SG
13475544154,11585065534,1402831,1,2019/8/31,SG
7406939997,5516461377,1750176,22,2019/8/31,SG
2682963717,792485097,615827,1,2019/8/30,SG
9801576919,7911098299,389259,5,2019/8/30,SG
2682963719,792485099,172568,18,2019/8/30,SG
213189472,1677289148,751158,1,2019/8/31,SG
4046520322,2156041702,106351,30,2019/8/30,SG
213189469,1677289151,2004397,35,2019/8/30,SG
161046512,1729432108,1407345,20,2019/8/30,SG
1869900344,20578276,2401765,24,2019/8/31,SG
3223213677,1332735057,735872,22,2019/8/31,SG
12928399997,11037921377,826693,15,2019/8/31,SG
3223213672,1332735052,592764,17,2019/8/31,SG
2125315096,234836476,1174354,22,2019/8/30,SG
1869900346,20578274,540628,34,2019/8/31,SG
3031675527,1141196907,389259,30,2019/8/31,SG
2125315102,234836482,1750176,18,2019/8/30,SG
1869900347,20578273,1324746,2,2019/8/31,SG
2213405949,322927329,1150103,13,2019/8/31,SG
3031675528,1141196908,586164,8,2019/8/31,SG
213189467,1677289153,1174354,1,2019/8/30,SG
161046517,1729432103,826693,32,2019/8/30,SG
2125315097,234836477,551239,16,2019/8/30,SG
12401428886,10510950266,516834,34,2019/8/31,SG
213189466,1677289154,106351,32,2019/8/31,SG
4046520319,2156041699,2401765,17,2019/8/30,SG
12401428882,10510950262,1407345,16,2019/8/30,SG
161046513,1729432107,734365,3,2019/8/30,SG
668167402,1222311218,809903,13,2019/8/31,SG
1516816019,373662601,626533,12,2019/8/30,SG
4909708462,3019229842,172568,30,2019/8/30,SG
2078291889,187813269,751158,8,2019/8/30,SG
668167403,1222311217,1334821,15,2019/8/30,SG
184045569,1706433051,516834,19,2019/8/31,SG
2505451113,614972493,480439,10,2019/8/30,SG
262956199,1627522421,603287,13,2019/8/31,SG
1359150683,531327937,3057155,10,2019/8/30,SG
11609737229,9719258609,195855,17,2019/8/31,SG
6958238189,5067759569,443084,28,2019/8/30,SG
1524766279,365712341,530129,32,2019/8/30,SG
1441074789,449403831,626533,27,2019/8/31,SG
8057232274,6166753654,1024063,35,2019/8/31,SG
1477250662,413227958,516834,25,2019/8/31,SG
9564461313,7673982693,615827,26,2019/8/30,SG
244364122,1646114498,516834,8,2019/8/30,SG
2204599217,314120597,726273,30,2019/8/30,SG
11609737232,9719258612,117113,21,2019/8/30,SG
7001638553,5111159933,646726,18,2019/8/30,SG
9564461314,7673982694,1150103,12,2019/8/30,SG
4909708457,3019229837,813100,21,2019/8/30,SG
921114017,969364603,825479,22,2019/8/30,SG
9564461318,7673982698,1100252,6,2019/8/30,SG
7001638558,5111159938,2702055,13,2019/8/31,SG
2121702603,231223983,897385,29,2019/8/30,SG
4729775337,2839296717,1073018,22,2019/8/31,SG
1343438847,547039773,372379,7,2019/8/30,SG
2261721897,371243277,526714,9,2019/8/30,SG
2130309338,239830718,315399,29,2019/8/31,SG
1524766273,365712347,766968,13,2019/8/31,SG
6185948417,4295469797,766968,25,2019/8/30,SG
2334299163,443820543,1212174,2,2019/8/31,SG
4343951282,2453472662,646841,22,2019/8/31,SG
2505451112,614972492,3049119,34,2019/8/31,SG
335073693,1555404927,315399,33,2019/8/31,SG
6219380498,4328901878,314787,13,2019/8/31,SG
2102641809,212163189,526714,35,2019/8/31,SG
6838292773,4947814153,966094,23,2019/8/31,SG
697232377,1193246243,654816,35,2019/8/31,SG
6838292777,4947814157,1100252,11,2019/8/30,SG
2334299168,443820548,3049119,33,2019/8/31,SG
262956203,1627522417,677407,25,2019/8/31,SG
3405165946,1514687326,825479,5,2019/8/30,SG
1820324559,70154061,897385,7,2019/8/30,SG
3405165944,1514687324,3855264,34,2019/8/30,SG
4030445429,2139966809,1311791,15,2019/8/30,SG
4729775336,2839296716,1279581,15,2019/8/30,SG
697232373,1193246247,526714,8,2019/8/30,SG
4030445433,2139966813,1311791,11,2019/8/30,SG
1284580669,605897951,173211,25,2019/8/31,SG
7412115346,5521636726,766968,1,2019/8/30,SG
1516816017,373662603,504105,4,2019/8/30,SG
3730788473,1840309853,1146420,32,2019/8/31,SG
2375359114,484880494,1212174,22,2019/8/31,SG
5407791494,3517312874,677407,7,2019/8/31,SG
2375359112,484880492,514962,23,2019/8/30,SG
2130309344,239830724,315399,11,2019/8/31,SG
1295572864,594905756,372379,17,2019/8/30,SG
1820324563,70154057,654816,31,2019/8/31,SG
2201295766,310817146,431474,26,2019/8/31,SG
4343951278,2453472658,71981,8,2019/8/31,SG
2375359113,484880493,1084435,29,2019/8/30,SG
9564461312,7673982692,1100252,26,2019/8/31,SG
2201295767,310817147,677407,10,2019/8/30,SG
2607761398,717282778,352673,9,2019/8/30,SG
9564461317,7673982697,677407,34,2019/8/30,SG
4729775338,2839296718,1271515,5,2019/8/31,SG
668167399,1222311221,650114,17,2019/8/31,SG
6382192169,4491713549,502079,34,2019/8/30,SG
4522402874,2631924254,743423,22,2019/8/31,SG
143840264,1746638356,504105,17,2019/8/31,SG
6219380503,4328901883,890499,22,2019/8/30,SG
6382192178,4491713558,1212174,30,2019/8/31,SG
1673125678,217352942,894999,4,2019/8/31,SG
2419044799,528566179,214094,2,2019/8/31,SG
1646653869,243824751,344906,12,2019/8/30,SG
6185948419,4295469799,1134787,23,2019/8/30,SG
2419044802,528566182,894999,33,2019/8/31,SG
642297698,1248180922,766968,20,2019/8/30,SG
681053229,1209425391,2702055,5,2019/8/30,SG
143840263,1746638357,352673,10,2019/8/31,SG
2102641813,212163193,1042325,30,2019/8/31,SG
1441074784,449403836,789300,15,2019/8/31,SG
1026148283,864330337,372379,3,2019/8/30,SG
8378187802,6487709182,1079535,26,2019/8/30,SG
976391416,914087204,657381,19,2019/8/31,SG
6382192166,4491713546,1311791,34,2019/8/30,SG
642297699,1248180921,1134787,18,2019/8/30,SG
2485670653,595192033,646841,33,2019/8/31,SG
976391413,914087207,2702055,2,2019/8/30,SG
3553797907,1663319287,173211,17,2019/8/30,SG
2629986889,739508269,453067,1,2019/8/30,SG
5407791489,3517312869,1290652,15,2019/8/30,SG
1524766274,365712346,566955,16,2019/8/31,SG
3660640162,1770161542,649199,18,2019/8/30,SG
2204599216,314120596,646841,4,2019/8/30,SG
4343951279,2453472659,214094,29,2019/8/31,SG
2078291893,187813273,1271515,20,2019/8/30,SG
1646653863,243824757,344906,20,2019/8/31,SG
7001638559,5111159939,890499,4,2019/8/31,SG
1524766282,365712338,297039,21,2019/8/31,SG
1516816016,373662604,1314569,12,2019/8/31,SG
1441074787,449403833,1212174,33,2019/8/31,SG
244364127,1646114493,650114,4,2019/8/31,SG
1086194383,804284237,372379,14,2019/8/31,SG
2525682754,635204134,825479,17,2019/8/30,SG
2600620163,710141543,71981,11,2019/8/30,SG
4276241693,2385763073,815089,28,2019/8/31,SG
2532397037,641918417,1279581,4,2019/8/30,SG
4130185359,2239706739,649199,20,2019/8/31,SG
9771500663,7881022043,586557,32,2019/8/31,SG
3021910833,1131432213,431474,19,2019/8/31,SG
2228378239,337899619,314787,1,2019/8/31,SG
1816401387,74077233,214094,30,2019/8/31,SG
3973812406,2083333786,894999,29,2019/8/30,SG
604713658,1285764962,514962,22,2019/8/31,SG
3021910834,1131432214,789300,6,2019/8/31,SG
6217436859,4326958239,81750,2,2019/8/31,SG
1647540129,242938491,650114,11,2019/8/31,SG
4011859576,2121380956,890499,33,2019/8/30,SG
7759841077,5869362457,890499,9,2019/8/30,SG
7759841079,5869362459,654816,5,2019/8/30,SG
465903862,1424574758,751500,26,2019/8/30,SG
961735749,928742871,1111767,34,2019/8/31,SG
4011859574,2121380954,1212174,34,2019/8/30,SG
435137747,1455340873,1073018,25,2019/8/30,SG
1691054663,199423957,1134787,8,2019/8/31,SG
2977545887,1087067267,813100,13,2019/8/31,SG
5662528227,3772049607,586557,2,2019/8/30,SG
3772233627,1881755007,814225,9,2019/8/30,SG
435137743,1455340877,676857,5,2019/8/31,SG
1660215867,230262753,657381,17,2019/8/30,SG
435137744,1455340876,751500,21,2019/8/30,SG
2532397033,641918413,1134787,3,2019/8/30,SG
2228378237,337899617,860998,4,2019/8/31,SG
5994736969,4104258349,71981,7,2019/8/31,SG
2525682753,635204133,1134787,15,2019/8/30,SG
867555313,1022923307,654816,21,2019/8/30,SG
5794344979,3903866359,81750,4,2019/8/31,SG
2385272689,494794069,966094,30,2019/8/31,SG
1705498558,184980062,502079,25,2019/8/30,SG
9771500662,7881022042,789300,24,2019/8/30,SG
873785426,1016693194,814225,12,2019/8/31,SG
245554147,1644924473,1314569,21,2019/8/31,SG
2600620159,710141539,504105,35,2019/8/30,SG
2600620166,710141546,1334653,35,2019/8/31,SG
3021910837,1131432217,352673,8,2019/8/31,SG
4040064613,2149585993,894999,12,2019/8/31,SG
12280926129,10390447509,214094,32,2019/8/31,SG
3005790877,1115312257,743423,9,2019/8/30,SG
2276779394,386300774,297039,14,2019/8/31,SG
4040064614,2149585994,677407,26,2019/8/30,SG
873785427,1016693193,71981,25,2019/8/30,SG
4482290689,2591812069,1146420,19,2019/8/31,SG
3021910832,1131432212,1123467,20,2019/8/31,SG
5026052506,3135573886,1111767,15,2019/8/30,SG
1705498553,184980067,431474,1,2019/8/31,SG
914714233,975764387,897385,25,2019/8/30,SG
3005790873,1115312253,514962,22,2019/8/30,SG
604713664,1285764956,3855264,13,2019/8/31,SG
1705498557,184980063,677407,23,2019/8/31,SG
2167321168,276842548,1271515,17,2019/8/31,SG
740031697,1150446923,789300,31,2019/8/31,SG
4011859573,2121380953,1123467,7,2019/8/31,SG
4276241686,2385763066,1200576,34,2019/8/31,SG
2189295094,298816474,1200576,7,2019/8/30,SG
1259336187,631142433,1322911,2,2019/8/31,SG
1819675912,70802708,1334653,13,2019/8/30,SG
961735754,928742866,1111767,26,2019/8/30,SG
102615944,1787862676,431474,28,2019/8/30,SG
5580554669,3690076049,825479,33,2019/8/30,SG
2167321167,276842547,344906,12,2019/8/30,SG
873785429,1016693191,654816,23,2019/8/31,SG
867555314,1022923306,372379,24,2019/8/31,SG
5026052503,3135573883,297039,16,2019/8/31,SG
1149883309,740595311,897385,27,2019/8/30,SG
4482290687,2591812067,756156,35,2019/8/30,SG
528368869,1362109751,748050,9,2019/8/31,SG
5794344977,3903866357,815089,32,2019/8/31,SG
4358421938,2467943318,526714,15,2019/8/31,SG
3005790879,1115312259,654816,3,2019/8/30,SG
465903859,1424574761,815089,1,2019/8/31,SG
1647540123,242938497,372379,26,2019/8/31,SG
2276779393,386300773,1271515,21,2019/8/31,SG
9771500657,7881022037,1279581,15,2019/8/30,SG
3021910829,1131432209,3855264,11,2019/8/31,SG
245554144,1644924476,71981,5,2019/8/31,SG
1647540127,242938493,586557,16,2019/8/30,SG
245554142,1644924478,815089,8,2019/8/31,SG
1149883304,740595316,1311791,19,2019/8/31,SG
5994736977,4104258357,81750,8,2019/8/30,SG
2809779973,919301353,751500,27,2019/8/31,SG
604713669,1285764951,1079535,15,2019/8/31,SG
4011859577,2121380957,1314569,33,2019/8/31,SG
4358421939,2467943319,766968,13,2019/8/31,SG
765827752,1124650868,3855264,28,2019/8/30,SG
729358922,1161119698,1271515,15,2019/8/31,SG
245554143,1644924477,3855264,13,2019/8/30,SG
765827749,1124650871,748050,2,2019/8/31,SG
5794344983,3903866363,71981,29,2019/8/30,SG
547326939,1343151681,1042325,8,2019/8/31,SG
6020100134,4129621514,966094,30,2019/8/31,SG
1149883307,740595313,297039,1,2019/8/30,SG
1660215866,230262754,314787,30,2019/8/31,SG
1647540122,242938498,81750,2,2019/8/30,SG
94413109,1796065511,814225,35,2019/8/30,SG
321442769,1569035851,214094,23,2019/8/31,SG
1647540128,242938492,566955,24,2019/8/31,SG
3772233626,1881755006,1146420,26,2019/8/31,SG
1665500243,224978377,372379,15,2019/8/31,SG
528368872,1362109748,677407,4,2019/8/31,SG
2809779977,919301357,966094,4,2019/8/30,SG
729358918,1161119702,1279581,11,2019/8/30,SG
2977545886,1087067266,1212174,7,2019/8/31,SG
2228378234,337899614,677407,9,2019/8/30,SG
6020100133,4129621513,1334653,24,2019/8/31,SG
1665500239,224978381,1334653,12,2019/8/31,SG
1259336186,631142434,743423,31,2019/8/31,SG
3772233629,1881755009,825479,18,2019/8/31,SG
2206527087,316048467,1079535,5,2019/8/30,SG
94413107,1796065513,748050,27,2019/8/31,SG
1816401386,74077234,1290652,33,2019/8/31,SG
321442763,1569035857,1100252,11,2019/8/30,SG
2537895767,647417147,1123467,21,2019/8/31,SG
547326938,1343151682,1134787,2,2019/8/30,SG
7759841078,5869362458,3049119,16,2019/8/30,SG
2809779974,919301354,81750,34,2019/8/30,SG
604713663,1285764957,649199,5,2019/8/30,SG
2537895773,647417153,314787,12,2019/8/31,SG
5662528226,3772049606,425629,1,2019/8/31,SG
1819675909,70802711,825479,7,2019/8/31,SG
12280926134,10390447514,860998,32,2019/8/30,SG
321442766,1569035854,297039,26,2019/8/31,SG
12280926133,10390447513,1073018,4,2019/8/30,SG
4130185363,2239706743,1314569,9,2019/8/30,SG
465903863,1424574757,1100252,2,2019/8/30,SG
102615946,1787862674,1079535,31,2019/8/31,SG
2385272696,494794076,766968,29,2019/8/31,SG
5580554674,3690076054,1200576,23,2019/8/31,SG
2977545889,1087067269,1200576,33,2019/8/31,SG
1691054667,199423953,1200576,2,2019/8/31,SG
2206527089,316048469,1200576,29,2019/8/30,SG
740031699,1150446921,1322911,32,2019/8/30,SG
4201473047,2310994427,1322911,35,2019/8/31,SG
5026052498,3135573878,1322911,35,2019/8/30,SG
1259336182,631142438,838978,10,2019/8/31,SG
2532397039,641918419,1606272,30,2019/8/30,SG
1665500246,224978374,2202102,32,2019/8/30,SG
1816401393,74077227,2202102,32,2019/8/30,SG
914714234,975764386,838978,35,2019/8/30,SG
2206527088,316048468,1606272,24,2019/8/31,SG
4358421937,2467943317,2899183,21,2019/8/31,SG
4276241687,2385763067,1606272,20,2019/8/30,SG
2189295089,298816469,838978,22,2019/8/31,SG
2809779976,919301356,1085849,1,2019/8/31,SG
3305102793,1414624173,1655461,10,2019/8/31,SG
867555317,1022923303,157839,5,2019/8/30,SG
6020100136,4129621516,1085849,34,2019/8/31,SG
5026052499,3135573879,1655461,5,2019/8/30,SG
2167321166,276842546,735072,23,2019/8/30,SG
94413103,1796065517,753001,12,2019/8/30,SG
3305102789,1414624169,129481,32,2019/8/30,SG
4276241689,2385763069,735072,20,2019/8/31,SG
3005790874,1115312254,735072,22,2019/8/31,SG
740031698,1150446922,938381,3,2019/8/31,SG
12280926128,10390447508,1402831,19,2019/8/30,SG
1819675913,70802707,1082515,27,2019/8/30,SG
5994736976,4104258356,1150103,23,2019/8/30,SG
2385272693,494794073,1331712,27,2019/8/30,SG
4930805482,3040326862,664883,24,2019/8/31,SG
6102176803,4211698183,2004397,33,2019/8/30,SG
1691054662,199423958,1349260,20,2019/8/30,SG
1149883306,740595314,1197882,10,2019/8/30,SG
435137749,1455340871,389259,19,2019/8/30,SG
4201473049,2310994429,664883,33,2019/8/31,SG
5994736973,4104258353,809903,11,2019/8/31,SG
2189295093,298816473,730946,26,2019/8/31,SG
961735753,928742867,1446831,28,2019/8/30,SG
1691054666,199423954,1174354,31,2019/8/31,SG
604713667,1285764953,626533,2,2019/8/31,SG
5580554673,3690076053,3057155,28,2019/8/31,SG
4482290686,2591812066,1255753,8,2019/8/30,SG
3973812407,2083333787,1085803,23,2019/8/30,SG
547326943,1343151677,2401765,28,2019/8/30,SG
9771500659,7881022039,182832,28,2019/8/30,SG
2189295087,298816467,734365,31,2019/8/30,SG
5026052504,3135573884,386912,30,2019/8/30,SG
321442762,1569035858,1085803,7,2019/8/30,SG
1816401392,74077228,651699,35,2019/8/30,SG
1819675917,70802703,480439,12,2019/8/31,SG
3305102787,1414624167,516834,13,2019/8/30,SG
5662528229,3772049609,646726,28,2019/8/31,SG
2276779389,386300769,3057155,10,2019/8/31,SG
6217436857,4326958237,172568,18,2019/8/30,SG
2525682757,635204137,592764,15,2019/8/30,SG
6217436869,4326958249,603287,6,2019/8/30,SG
102615943,1787862677,726273,31,2019/8/30,SG
321442774,1569035846,763719,12,2019/8/30,SG
4130185366,2239706746,615827,4,2019/8/31,SG
464267349,1426211271,646726,21,2019/8/31,SG
2600620162,710141542,1006513,33,2019/8/31,SG
2525682758,635204138,3057155,26,2019/8/30,SG
3021910838,1131432218,3057155,10,2019/8/30,SG
729358919,1161119701,2899183,17,2019/8/30,SG
2167321169,276842549,2202102,13,2019/8/31,SG
4130185358,2239706738,157839,7,2019/8/31,SG
4011859569,2121380949,1085849,8,2019/8/31,SG
4930805486,3040326866,686710,24,2019/8/30,SG
4930805483,3040326863,3248860,8,2019/8/31,SG
4930805479,3040326859,1085849,12,2019/8/31,SG
6102176806,4211698186,938381,21,2019/8/31,SG
6102176809,4211698189,735072,17,2019/8/31,SG
6102176807,4211698187,938381,15,2019/8/31,SG
5981939115,4018060884,5145357093,24,2019/8/29,VN
1056603720,11056603719,220021698,26,2019/8/29,ID
6515657356,3484342643,5679075334,19,2019/8/29,VN
5146700693,4853299306,4310118671,13,2019/8/31,SG
3549582079,6450417920,2713000057,8,2019/8/30,MY
717070226,9282929773,119511796,14,2019/8/29,TH
2947427259,7052572740,2110845237,15,2019/8/31,PH
2315709775,12315709774,1479127753,4,2019/8/30,PH
7782056756,2217943243,6945474734,17,2019/8/29,VN
899352412,9100647587,62770390,2,2019/8/29,PH
4867786593,5132213406,4031204571,1,2019/8/29,ID
2360061967,12360061966,1523479945,12,2019/8/29,TW
6546823031,3453176968,5710241009,7,2019/8/31,VN
6320597051,3679402948,5484015029,14,2019/8/31,ID
1096154022,8903845977,259572000,18,2019/8/29,SG
3454950087,6545049912,2618368065,25,2019/8/31,PH
3066127069,6933872930,2229545047,19,2019/8/31,TW
5034822516,4965177483,4198240494,17,2019/8/31,VN
6216779433,3783220566,5380197411,24,2019/8/30,VN
1751131876,11751131875,914549854,16,2019/8/29,ID
1347744353,8652255646,511162331,23,2019/8/30,ID
3781192501,6218807498,2944610479,1,2019/8/30,TW
2783549045,7216450954,1946967023,5,2019/8/29,TW
2323068866,12323068865,1486486844,10,2019/8/29,SG
2072770846,7927229153,1236188824,9,2019/8/31,SG
451272546,9548727453,385309476,23,2019/8/30,SG
7777068207,2222931792,6940486185,3,2019/8/29,ID
5968210455,4031789544,5131628433,3,2019/8/29,TH
5276770601,4723229398,4440188579,25,2019/8/31,TH
3422549294,13422549293,2585967272,25,2019/8/30,TW
616851662,10616851661,219730360,15,2019/8/30,TH
561349653,10561349652,275232369,5,2019/8/31,TW
2877423971,12877423970,2040841949,21,2019/8/31,VN
2302152532,7697847467,1465570510,23,2019/8/31,ID
7966430446,2033569553,7129848424,12,2019/8/31,TW
4388133789,5611866210,3551551767,26,2019/8/30,SG
6113245074,3886754925,5276663052,16,2019/8/30,VN
5024984347,4975015652,4188402325,27,2019/8/30,ID
175666888,9824333111,660915134,9,2019/8/31,MY
108941954,10108941953,727640068,16,2019/8/29,VN
607030392,9392969607,229551630,9,2019/8/30,MY
1858372588,11858372587,1021790566,3,2019/8/31,MY
1809617934,11809617933,973035912,6,2019/8/29,TH
6165332834,3834667165,5328750812,18,2019/8/30,ID
7355696341,2644303658,6519114319,12,2019/8/30,SG
3065261804,6934738195,2228679782,21,2019/8/31,SG
3138409708,6861590291,2301827686,16,2019/8/30,SG
2943115701,7056884298,2106533679,4,2019/8/30,VN
2178392718,7821607281,1341810696,13,2019/8/31,PH
1057047525,11057047524,220465503,27,2019/8/31,TH
3171642917,6828357082,2335060895,25,2019/8/31,TW
2936139402,7063860597,2099557380,2,2019/8/29,PH
3303233344,6696766655,2466651322,14,2019/8/29,PH
2082361789,12082361788,1245779767,22,2019/8/29,PH
3257272694,13257272693,2420690672,1,2019/8/30,SG
7259859358,2740140641,6423277336,28,2019/8/29,PH
4954878918,5045121081,4118296896,17,2019/8/31,TH
1467661786,11467661785,631079764,25,2019/8/30,TH
3266146508,6733853491,2429564486,17,2019/8/30,TH
1115705958,11115705957,279123936,21,2019/8/30,MY
1683554873,11683554872,846972851,7,2019/8/31,VN
2745381298,7254618701,1908799276,13,2019/8/30,SG
1817088549,11817088548,980506527,25,2019/8/29,VN
1083077042,8916922957,246495020,12,2019/8/30,ID
205348991,10205348990,631233031,10,2019/8/31,MY
199413387,9800586612,637168635,21,2019/8/29,TW
3192671532,13192671531,2356089510,19,2019/8/30,PH
3100670155,6899329844,2264088133,16,2019/8/30,PH
419601497,9580398502,416980525,27,2019/8/29,VN
1934727700,11934727699,1098145678,2,2019/8/30,MY
108063154,9891936845,728518868,17,2019/8/29,TW
2386085833,7613914166,1549503811,15,2019/8/29,VN
1252800525,11252800524,416218503,7,2019/8/31,TH
3997353706,6002646293,3160771684,20,2019/8/31,VN
3099746240,6900253759,2263164218,23,2019/8/31,TH
237787351,10237787350,598794671,26,2019/8/29,TH
1933300430,11933300429,1096718408,25,2019/8/30,PH
232656866,10232656865,603925156,26,2019/8/29,VN
605286771,9394713228,231295251,16,2019/8/29,TW
6960783321,3039216678,6124201299,1,2019/8/30,VN
4706084816,5293915183,3869502794,1,2019/8/29,TW
4201240925,5798759074,3364658903,15,2019/8/29,VN
2193978843,12193978842,1357396821,2,2019/8/31,TW
1068893846,11068893845,232311824,16,2019/8/31,PH
6629621368,3370378631,5793039346,18,2019/8/31,VN
6526644327,3473355672,5690062305,10,2019/8/29,TH
662692571,9337307428,173889451,14,2019/8/31,MY
617153428,9382846571,219428594,21,2019/8/30,MY
3008032481,13008032480,2171450459,26,2019/8/29,VN
3292067048,6707932951,2455485026,27,2019/8/30,MY
3019981824,13019981823,2183399802,24,2019/8/29,VN
4261895402,5738104597,3425313380,26,2019/8/31,TH
2196549327,12196549326,1359967305,12,2019/8/31,TH
2498328416,12498328415,1661746394,15,2019/8/30,PH
2671597692,7328402307,1835015670,7,2019/8/31,TW
683095310,10683095309,153486712,15,2019/8/31,VN
3221741506,6778258493,2385159484,4,2019/8/31,TW
3207993394,6792006605,2371411372,10,2019/8/30,VN
556891843,9443108156,279690179,7,2019/8/31,MY
2873102321,12873102320,2036520299,7,2019/8/29,VN
1692392140,11692392139,855810118,4,2019/8/30,TH
107258309,10107258308,729323713,15,2019/8/29,TW
7968949232,2031050767,7132367210,24,2019/8/31,TH
3687527217,6312472782,2850945195,23,2019/8/30,SG
5068154947,4931845052,4231572925,19,2019/8/31,VN
4800697717,5199302282,3964115695,7,2019/8/29,TW
3261159070,13261159069,2424577048,14,2019/8/30,VN
2348363918,7651636081,1511781896,28,2019/8/29,TH
1058562583,8941437416,221980561,8,2019/8/30,TH
2282779152,7717220847,1446197130,3,2019/8/30,PH
6116709310,3883290689,5280127288,12,2019/8/29,SG
4967518309,5032481690,4130936287,17,2019/8/29,SG
4956053066,5043946933,4119471044,3,2019/8/31,VN
4922699295,5077300704,4086117273,23,2019/8/29,MY
1509858922,8490141077,673276900,28,2019/8/29,SG
1172692653,11172692652,336110631,26,2019/8/31,VN
472231564,9527768435,364350458,11,2019/8/29,SG
767521811,9232478188,69060211,27,2019/8/30,SG
4373556254,5626443745,3536974232,13,2019/8/30,VN
921989172,9078010827,85407150,12,2019/8/31,PH
1710224050,11710224049,873642028,19,2019/8/30,ID
2607644666,12607644665,1771062644,13,2019/8/29,SG
675532495,9324467504,161049527,22,2019/8/31,VN
3271786708,13271786707,2435204686,27,2019/8/29,VN
5563478006,4436521993,4726895984,21,2019/8/30,PH
4903886620,5096113379,4067304598,25,2019/8/30,VN
6022831369,3977168630,5186249347,15,2019/8/30,SG
3206652803,6793347196,2370070781,17,2019/8/31,ID
5547415154,4452584845,4710833132,14,2019/8/31,VN
4171568509,5828431490,3334986487,13,2019/8/29,TW
3557371349,6442628650,2720789327,19,2019/8/29,PH
674312236,9325687763,162269786,4,2019/8/31,MY
179847112,9820152887,656734910,23,2019/8/30,VN
1820863166,11820863165,984281144,28,2019/8/30,ID
7400260995,2599739004,6563678973,20,2019/8/31,TW
7152593440,2847406559,6316011418,7,2019/8/30,ID
4107015201,5892984798,3270433179,1,2019/8/29,ID
2709386867,7290613132,1872804845,13,2019/8/30,ID
996228549,9003771450,159646527,28,2019/8/29,SG
1609892024,11609892023,773310002,23,2019/8/31,SG
2883252568,12883252567,2046670546,7,2019/8/31,SG
7290363140,2709636859,6453781118,8,2019/8/31,VN
6522208336,3477791663,5685626314,6,2019/8/30,PH
5878528050,4121471949,5041946028,25,2019/8/30,TH
5248609316,4751390683,4412027294,17,2019/8/31,VN
5558909393,4441090606,4722327371,18,2019/8/29,TW
5131893116,4868106883,4295311094,5,2019/8/31,VN
4066242087,5933757912,3229660065,13,2019/8/31,VN
2430090910,7569909089,1593508888,27,2019/8/31,SG
7884359065,2115640934,7047777043,14,2019/8/31,SG
6521829389,3478170610,5685247367,28,2019/8/29,TH
5111142936,4888857063,4274560914,15,2019/8/31,SG
2941185298,7058814701,2104603276,20,2019/8/31,ID
225748720,9774251279,610833302,13,2019/8/30,TH
1635587130,11635587129,799005108,6,2019/8/29,PH
1696455487,8303544512,859873465,20,2019/8/30,TH
623445161,10623445160,213136861,2,2019/8/30,VN
2968814720,12968814719,2132232698,12,2019/8/30,PH
1421399672,8578600327,584817650,8,2019/8/30,ID
2383946978,12383946977,1547364956,14,2019/8/31,MY
7867227444,2132772555,7030645422,1,2019/8/30,TW
5579318547,4420681452,4742736525,11,2019/8/29,TH
5477359973,4522640026,4640777951,6,2019/8/31,TH
2864952703,7135047296,2028370681,9,2019/8/30,VN
2931970618,7068029381,2095388596,24,2019/8/31,PH
2752708517,7247291482,1916126495,3,2019/8/30,MY
1930994905,11930994904,1094412883,27,2019/8/29,MY
232238608,9767761391,604343414,1,2019/8/30,ID
7767679276,2232320723,6931097254,26,2019/8/30,MY
6142307745,3857692254,5305725723,16,2019/8/30,ID
5543044136,4456955863,4706462114,15,2019/8/30,PH
3447146030,6552853969,2610564008,20,2019/8/30,TH
277532045,9722467954,559049977,12,2019/8/29,VN
2524162251,12524162250,1687580229,28,2019/8/31,TH
3144944772,13144944771,2308362750,18,2019/8/30,TW
9546453239,453546760,8709871217,20,2019/8/29,VN
42916569,9957083430,793665453,20,2019/8/30,MY
6749911040,3250088959,5913329018,18,2019/8/31,VN
4587245454,5412754545,3750663432,21,2019/8/31,TH
2785109968,7214890031,1948527946,16,2019/8/29,ID
2645301910,12645301909,1808719888,16,2019/8/31,SG
2074459035,7925540964,1237877013,1,2019/8/30,VN
1765060722,8234939277,928478700,3,2019/8/29,SG
2311645729,12311645728,1475063707,15,2019/8/31,SG
2969693780,12969693779,2133111758,13,2019/8/29,ID
1908219602,8091780397,1071637580,18,2019/8/31,SG
7972551779,2027448220,7135969757,19,2019/8/29,TW
4871171820,5128828179,4034589798,21,2019/8/29,PH
1868824742,11868824741,1032242720,21,2019/8/29,TH
6338961745,3661038254,5502379723,11,2019/8/31,VN
1689641373,11689641372,853059351,4,2019/8/29,PH
7605092211,2394907788,6768510189,27,2019/8/29,VN
3055298478,6944701521,2218716456,24,2019/8/30,ID
6963673397,3036326602,6127091375,28,2019/8/31,VN
2366308693,7633691306,1529726671,24,2019/8/29,VN
7804794391,2195205608,6968212369,18,2019/8/29,VN
3799144905,6200855094,2962562883,15,2019/8/31,MY
2195690602,7804309397,1359108580,22,2019/8/29,VN
3709303282,6290696717,2872721260,28,2019/8/29,VN
1633983461,8366016538,797401439,8,2019/8/31,VN
7372457341,2627542658,6535875319,23,2019/8/30,MY
5532521489,4467478510,4695939467,25,2019/8/29,PH
4523831036,5476168963,3687249014,20,2019/8/31,VN
8227232735,1772767264,7390650713,24,2019/8/30,TW
1569196603,8430803396,732614581,19,2019/8/30,VN
3196380089,13196380088,2359798067,15,2019/8/29,VN
8214048335,1785951664,7377466313,21,2019/8/31,SG
7850662589,2149337410,7014080567,17,2019/8/29,TW
6111365686,3888634313,5274783664,6,2019/8/30,PH
6107359098,3892640901,5270777076,18,2019/8/29,MY
6137693369,3862306630,5301111347,10,2019/8/31,ID
5115471842,4884528157,4278889820,1,2019/8/31,MY
8292317397,1707682602,7455735375,19,2019/8/29,VN
6493140191,3506859808,5656558169,22,2019/8/31,ID
6745370400,3254629599,5908788378,15,2019/8/31,MY
6039701355,3960298644,5203119333,6,2019/8/31,TH
5117869426,4882130573,4281287404,23,2019/8/31,PH
4596865329,5403134670,3760283307,25,2019/8/30,TW
8077983290,1922016709,7241401268,19,2019/8/31,VN
5488223700,4511776299,4651641678,28,2019/8/30,VN
7876327005,2123672994,7039744983,26,2019/8/29,TH
7620144461,2379855538,6783562439,23,2019/8/30,VN
2668166946,7331833053,1831584924,27,2019/8/31,PH
897351981,9102648018,60769959,8,2019/8/30,PH
7546149157,2453850842,6709567135,15,2019/8/30,TH
3228358738,13228358737,2391776716,14,2019/8/30,VN
4855850277,5144149722,4019268255,21,2019/8/29,TW
8066960002,1933039997,7230377980,27,2019/8/29,MY
3192594902,13192594901,2356012880,14,2019/8/30,VN
2018419502,7981580497,1181837480,2,2019/8/29,TW
6167459562,3832540437,5330877540,27,2019/8/29,SG
3224994795,6775005204,2388412773,25,2019/8/29,VN
8236018051,1763981948,7399436029,19,2019/8/30,VN
549827156,9450172843,286754866,20,2019/8/29,PH
7635115253,2364884746,6798533231,20,2019/8/30,TW
8887677710,1112322289,8051095688,6,2019/8/31,TH
7988828812,2011171187,7152246790,22,2019/8/30,VN
7724122240,2275877759,6887540218,19,2019/8/29,VN
8566663735,1433336264,7730081713,16,2019/8/31,SG
3238413632,6761586367,2401831610,24,2019/8/30,TH
3178730372,6821269627,2342148350,4,2019/8/30,VN
2874820810,7125179189,2038238788,28,2019/8/29,TH
3294755298,6705244701,2458173276,8,2019/8/31,VN
2556188173,7443811826,1719606151,23,2019/8/31,VN
2116257542,7883742457,1279675520,7,2019/8/30,MY
7888291691,2111708308,7051709669,19,2019/8/31,VN
7845969540,2154030459,7009387518,12,2019/8/30,TH
5681867808,4318132191,4845285786,24,2019/8/30,PH
3552228412,6447771587,2715646390,5,2019/8/30,VN
2098418607,7901581392,1261836585,2,2019/8/30,TH
489220167,10489220166,347361855,13,2019/8/30,VN
8138550142,1861449857,7301968120,2,2019/8/30,VN
8680035299,1319964700,7843453277,15,2019/8/30,TW
2131328297,12131328296,1294746275,3,2019/8/29,SG
6537859499,3462140500,5701277477,3,2019/8/30,SG
5667589113,4332410886,4831007091,10,2019/8/29,TH
4205047927,5794952072,3368465905,1,2019/8/30,TW
7443174898,2556825101,6606592876,23,2019/8/30,TH
3305600331,6694399668,2469018309,10,2019/8/29,MY
6265229275,3734770724,5428647253,5,2019/8/31,PH
5591561031,4408438968,4754979009,20,2019/8/31,PH
4632594583,5367405416,3796012561,6,2019/8/30,VN
3230015214,6769984785,2393433192,6,2019/8/29,TH
3819254764,6180745235,2982672742,9,2019/8/31,ID
6218366024,3781633975,5381784002,23,2019/8/31,ID
5841628226,4158371773,5005046204,9,2019/8/30,TH
2917223510,12917223509,2080641488,18,2019/8/31,PH
9935602819,64397180,9099020797,24,2019/8/30,TW
7747434146,2252565853,6910852124,1,2019/8/31,TH
8530068611,1469931388,7693486589,27,2019/8/30,SG
5595133656,4404866343,4758551634,19,2019/8/29,TH
5211767657,4788232342,4375185635,12,2019/8/30,TH
3662019688,6337980311,2825437666,24,2019/8/30,TH
2463150338,12463150337,1626568316,3,2019/8/30,MY
6213249933,3786750066,5376667911,21,2019/8/30,MY
779630839,10779630838,56951183,13,2019/8/30,SG
3629422814,6370577185,2792840792,3,2019/8/31,PH
4829978931,5170021068,3993396909,15,2019/8/31,VN
2415805183,7584194816,1579223161,24,2019/8/29,VN
5763312248,4236687751,4926730226,15,2019/8/30,TH
2982416484,7017583515,2145834462,19,2019/8/30,TW
4975137727,5024862272,4138555705,28,2019/8/29,ID
8398254094,1601745905,7561672072,5,2019/8/30,VN
5339008357,4660991642,4502426335,7,2019/8/29,VN
2419880070,7580119929,1583298048,24,2019/8/31,VN
6775733267,3224266732,5939151245,12,2019/8/29,VN
5902384712,4097615287,5065802690,18,2019/8/30,ID
7871283996,2128716003,7034701974,26,2019/8/30,TH
7357022097,2642977902,6520440075,6,2019/8/29,VN
1813924523,11813924522,977342501,14,2019/8/30,PH
1884223035,8115776964,1047641013,7,2019/8/30,VN
1035938049,8964061950,199356027,26,2019/8/31,PH
7923923061,2076076938,7087341039,9,2019/8/31,VN
7779063019,2220936980,6942480997,2,2019/8/29,ID
1113532441,8886467558,276950419,23,2019/8/30,SG
8238202046,1761797953,7401620024,2,2019/8/31,PH
7437027245,2562972754,6600445223,11,2019/8/29,ID
5618909236,4381090763,4782327214,2,2019/8/30,MY
6050588339,3949411660,5214006317,18,2019/8/31,SG
7318926199,2681073800,6482344177,22,2019/8/29,VN
3662791480,6337208519,2826209458,28,2019/8/30,VN
2479084538,12479084537,1642502516,21,2019/8/29,TH
2290167982,12290167981,1453585960,5,2019/8/31,ID
9566151999,433848000,8729569977,11,2019/8/29,VN
3693326558,6306673441,2856744536,17,2019/8/31,TW
3050758490,6949241509,2214176468,15,2019/8/30,ID
2747847914,7252152085,1911265892,24,2019/8/30,TH
3799291486,6200708513,2962709464,13,2019/8/31,TW
2926243645,7073756354,2089661623,25,2019/8/30,VN
2986639246,7013360753,2150057224,18,2019/8/29,SG
104240930,9895759069,732341092,27,2019/8/29,MY
180572774,9819427225,656009248,12,2019/8/29,ID
6429036371,3570963628,5592454349,2,2019/8/30,TH
5927708734,4072291265,5091126712,18,2019/8/29,TW
3942756871,6057243128,3106174849,2,2019/8/29,VN
3221038835,6778961164,2384456813,10,2019/8/29,ID
1119260880,8880739119,282678858,22,2019/8/31,MY
7538897410,2461102589,6702315388,27,2019/8/30,TH
9274520291,725479708,8437938269,25,2019/8/31,VN
5406672846,4593327153,4570090824,9,2019/8/29,TW
9551599765,448400234,8715017743,22,2019/8/30,VN
4404499786,5595500213,3567917764,8,2019/8/30,TW
7825571113,2174428886,6988989091,15,2019/8/31,TW
6391624356,3608375643,5555042334,12,2019/8/29,SG
1046490378,8953509621,209908356,5,2019/8/29,ID
2867321629,12867321628,2030739607,13,2019/8/30,MY
259353015,10259353014,577229007,27,2019/8/30,ID
8076115942,1923884057,7239533920,25,2019/8/30,TW
183880504,9816119495,652701518,11,2019/8/29,PH
6704469902,3295530097,5867887880,5,2019/8/31,ID
1300054823,11300054822,463472801,25,2019/8/30,MY
6689886770,3310113229,5853304748,23,2019/8/30,PH
5944843693,4055156306,5108261671,19,2019/8/30,TH
5782871011,4217128988,4946288989,1,2019/8/29,TW
1634971915,8365028084,798389893,17,2019/8/30,TH
4023000924,5976999075,3186418902,15,2019/8/31,ID
2253136491,12253136490,1416554469,8,2019/8/29,SG
2885932966,12885932965,2049350944,17,2019/8/30,ID
7716259098,2283740901,6879677076,16,2019/8/29,TH
5248889622,4751110377,4412307600,5,2019/8/30,ID
8815906804,1184093195,7979324782,9,2019/8/31,MY
3219542587,6780457412,2382960565,22,2019/8/29,ID
145955343,10145955342,690626679,15,2019/8/30,VN
6547283029,3452716970,5710701007,6,2019/8/30,VN
4752040702,5247959297,3915458680,12,2019/8/29,SG
2933981986,7066018013,2097399964,14,2019/8/30,ID
3996238267,6003761732,3159656245,8,2019/8/29,ID
8938474552,1061525447,8101892530,18,2019/8/29,SG
1582818463,8417181536,746236441,19,2019/8/30,VN
6531805009,3468194990,5695222987,8,2019/8/30,TW
6506066906,3493933093,5669484884,22,2019/8/31,MY
6136747762,3863252237,5300165740,25,2019/8/29,TW
42566828,9957433171,794015194,8,2019/8/31,SG
4342325325,5657674674,3505743303,13,2019/8/30,VN
5944324959,4055675040,5107742937,19,2019/8/29,VN
704959036,10704959035,131622986,24,2019/8/31,MY
4742006704,5257993295,3905424682,15,2019/8/29,SG
770386893,10770386892,66195129,10,2019/8/31,ID
1996647785,11996647784,1160065763,21,2019/8/30,PH
1745738228,11745738227,909156206,17,2019/8/31,PH
4678572771,5321427228,3841990749,6,2019/8/30,PH
2261140389,7738859610,1424558367,3,2019/8/31,ID
8074332870,1925667129,7237750848,27,2019/8/30,TW
6754368279,3245631720,5917786257,1,2019/8/29,SG
3872890083,6127109916,3036308061,27,2019/8/30,SG
7587646407,2412353592,6751064385,8,2019/8/30,MY
1987035542,8012964457,1150453520,21,2019/8/29,MY
2618415899,12618415898,1781833877,11,2019/8/30,VN
501634618,10501634617,334947404,11,2019/8/30,ID
6774908327,3225091672,5938326305,15,2019/8/29,VN
7922418591,2077581408,7085836569,23,2019/8/29,VN
5850592088,4149407911,5014010066,23,2019/8/31,PH
2026232355,12026232354,1189650333,27,2019/8/31,PH
6291846818,3708153181,5455264796,23,2019/8/29,VN
6317959546,3682040453,5481377524,18,2019/8/29,ID
5411986870,4588013129,4575404848,20,2019/8/29,ID
8128011942,1871988057,7291429920,8,2019/8/31,SG
845010841,9154989158,8428819,5,2019/8/30,ID
7645273498,2354726501,6808691476,22,2019/8/31,ID
6106036770,3893963229,5269454748,2,2019/8/31,SG
8351423834,1648576165,7514841812,18,2019/8/31,VN
949228968,9050771031,112646946,9,2019/8/29,MY
7377925191,2622074808,6541343169,17,2019/8/31,TH
2621121424,7378878575,1784539402,11,2019/8/29,PH
709797069,10709797068,126784953,3,2019/8/31,VN
6776166271,3223833728,5939584249,2,2019/8/30,TW
5865617751,4134382248,5029035729,15,2019/8/30,TW
3855517860,6144482139,3018935838,10,2019/8/30,PH
8533427043,1466572956,7696845021,25,2019/8/30,ID
1342357085,8657642914,505775063,22,2019/8/30,PH
7758301512,2241698487,6921719490,7,2019/8/30,TH
5336580143,4663419856,4499998121,16,2019/8/30,VN
5469988637,4530011362,4633406615,2,2019/8/30,VN
500951133,9499048866,335630889,13,2019/8/30,VN
3661111983,6338888016,2824529961,24,2019/8/31,TW
8710858829,1289141170,7874276807,1,2019/8/31,SG
3117911975,6882088024,2281329953,19,2019/8/29,MY
3998520003,6001479996,3161937981,6,2019/8/30,VN
1422347284,8577652715,585765262,22,2019/8/30,TH
8176214146,1823785853,7339632124,16,2019/8/30,PH
2876797489,7123202510,2040215467,23,2019/8/31,VN
2732521662,12732521661,1895939640,1,2019/8/30,TW
6741455665,3258544334,5904873643,8,2019/8/31,PH
8626550733,1373449266,7789968711,4,2019/8/30,TH
1419272172,8580727827,582690150,20,2019/8/29,TH
2152357406,7847642593,1315775384,28,2019/8/31,PH
8401049074,1598950925,7564467052,27,2019/8/29,ID
6530428565,3469571434,5693846543,7,2019/8/30,VN
8297834712,1702165287,7461252690,5,2019/8/30,TW
6806418888,3193581111,5969836866,23,2019/8/29,MY
5973190389,4026809610,5136608367,14,2019/8/31,PH
3908683264,6091316735,3072101242,27,2019/8/30,TH
3198713657,6801286342,2362131635,20,2019/8/30,MY
8121468393,1878531606,7284886371,21,2019/8/29,PH
8768599255,1231400744,7932017233,11,2019/8/30,ID
5136337821,4863662178,4299755799,8,2019/8/30,MY
630577722,10630577721,206004300,4,2019/8/30,MY
9460428247,539571752,8623846225,6,2019/8/30,PH
7056456637,2943543362,6219874615,12,2019/8/30,TH
425145372,9574854627,411436650,28,2019/8/29,PH
7662957932,2337042067,6826375910,6,2019/8/31,TW
6088471091,3911528908,5251889069,13,2019/8/30,MY
2483969622,7516030377,1647387600,16,2019/8/29,MY
6482511863,3517488136,5645929841,22,2019/8/31,TH
3545323146,6454676853,2708741124,25,2019/8/30,TH
1947356306,11947356305,1110774284,20,2019/8/30,VN
5570312529,4429687470,4733730507,1,2019/8/30,ID
4974510664,5025489335,4137928642,23,2019/8/29,TW
3631291564,6368708435,2794709542,8,2019/8/31,SG
617476142,9382523857,219105880,24,2019/8/30,PH
7544261765,2455738234,6707679743,21,2019/8/30,TW
8321855114,1678144885,7485273092,5,2019/8/31,TW
2519778312,7480221687,1683196290,22,2019/8/30,VN
6775829940,3224170059,5939247918,23,2019/8/30,MY
7600921925,2399078074,6764339903,16,2019/8/29,MY
6980693907,3019306092,6144111885,9,2019/8/31,VN
6110084062,3889915937,5273502040,4,2019/8/31,ID
1322030331,8677969668,485448309,17,2019/8/29,ID
3136646566,13136646565,2300064544,5,2019/8/30,TW
3545065151,6454934848,2708483129,16,2019/8/30,VN
3454477686,6545522313,2617895664,4,2019/8/31,PH
333943387,10333943386,502638635,10,2019/8/30,TW
9800727121,199272878,8964145099,14,2019/8/29,PH
6502376505,3497623494,5665794483,17,2019/8/29,MY
8353733281,1646266718,7517151259,3,2019/8/30,MY
6296407850,3703592149,5459825828,24,2019/8/30,TH
8954290631,1045709368,8117708609,2,2019/8/31,VN
5409587695,4590412304,4573005673,2,2019/8/30,VN
6373119877,3626880122,5536537855,21,2019/8/31,VN
1106242749,8893757250,269660727,22,2019/8/31,TW
3550335260,6449664739,2713753238,10,2019/8/30,VN
5975508556,4024491443,5138926534,18,2019/8/31,VN
49167863,9950832136,787414159,6,2019/8/29,SG
8181318814,1818681185,7344736792,1,2019/8/30,MY
9786095141,213904858,8949513119,10,2019/8/29,VN
5132622120,4867377879,4296040098,15,2019/8/31,TH
7433294972,2566705027,6596712950,3,2019/8/31,PH
535701667,9464298332,300880355,9,2019/8/29,TH
8886944111,1113055888,8050362089,21,2019/8/29,PH
2604836701,7395163298,1768254679,10,2019/8/31,TW
1123323173,11123323172,286741151,15,2019/8/29,VN
2595639813,7404360186,1759057791,16,2019/8/29,VN
3560026477,6439973522,2723444455,12,2019/8/31,ID
3019403687,6980596312,2182821665,10,2019/8/30,PH
1943411942,8056588057,1106829920,28,2019/8/31,SG
9830945193,169054806,8994363171,26,2019/8/31,PH
5378024656,4621975343,4541442634,1,2019/8/30,MY
6161552348,3838447651,5324970326,23,2019/8/30,VN
4052845899,5947154100,3216263877,9,2019/8/30,ID
2599682006,7400317993,1763099984,6,2019/8/31,MY
7756753314,2243246685,6920171292,18,2019/8/31,SG
7273626443,2726373556,6437044421,27,2019/8/31,ID
6756794974,3243205025,5920212952,15,2019/8/30,TH
8195594113,1804405886,7359012091,28,2019/8/30,VN
8064211245,1935788754,7227629223,10,2019/8/30,TH
7664539712,2335460287,6827957690,7,2019/8/30,MY
6168982360,3831017639,5332400338,8,2019/8/29,PH
1887019710,8112980289,1050437688,18,2019/8/31,TH
3447177194,6552822805,2610595172,28,2019/8/31,SG
1562776705,8437223294,726194683,7,2019/8/31,SG
8360263263,1639736736,7523681241,16,2019/8/31,VN
8662888105,1337111894,7826306083,25,2019/8/29,MY
7752193970,2247806029,6915611948,25,2019/8/31,MY
3698607136,6301392863,2862025114,5,2019/8/29,TW
174808412,9825191587,661773610,19,2019/8/30,MY
1854004167,8145995832,1017422145,3,2019/8/29,PH
8457400364,1542599635,7620818342,4,2019/8/30,ID
7161959966,2838040033,6325377944,8,2019/8/29,MY
5469908962,4530091037,4633326940,19,2019/8/30,TH
9822196737,177803262,8985614715,4,2019/8/31,MY
7920599364,2079400635,7084017342,6,2019/8/29,TW
6773364191,3226635808,5936782169,4,2019/8/31,VN
6256448940,3743551059,5419866918,25,2019/8/29,ID
7800353719,2199646280,6963771697,3,2019/8/29,VN
6532516008,3467483991,5695933986,16,2019/8/29,ID
6137732086,3862267913,5301150064,20,2019/8/31,PH
5940438958,4059561041,5103856936,17,2019/8/31,PH
7760701320,2239298679,6924119298,4,2019/8/30,TH
1339345769,8660654230,502763747,7,2019/8/30,ID
1618788794,11618788793,782206772,3,2019/8/29,MY
7761357327,2238642672,6924775305,11,2019/8/30,PH
2527329080,12527329079,1690747058,24,2019/8/31,PH
1601474043,11601474042,764892021,9,2019/8/31,ID
3890031632,6109968367,3053449610,4,2019/8/31,ID
3668044538,6331955461,2831462516,11,2019/8/29,ID
2936491256,7063508743,2099909234,26,2019/8/29,ID
6189652867,3810347132,5353070845,1,2019/8/30,MY
3803504702,6196495297,2966922680,1,2019/8/31,VN
8112432235,1887567764,7275850213,8,2019/8/29,VN
3991856121,6008143878,3155274099,10,2019/8/31,VN
1123153504,8876846495,286571482,2,2019/8/30,ID
7772176275,2227823724,6935594253,22,2019/8/31,VN
7358913258,2641086741,6522331236,9,2019/8/30,VN
2454259039,7545740960,1617677017,13,2019/8/31,MY
8032793830,1967206169,7196211808,20,2019/8/30,VN
4818838384,5181161615,3982256362,26,2019/8/29,VN
3455462607,6544537392,2618880585,27,2019/8/30,MY
8014155147,1985844852,7177573125,5,2019/8/30,PH
574771402,10574771401,261810620,16,2019/8/31,SG
8240902909,1759097090,7404320887,12,2019/8/30,VN
2226332093,12226332092,1389750071,18,2019/8/29,SG
2186096525,7813903474,1349514503,22,2019/8/30,MY
5548174028,4451825971,4711592006,20,2019/8/29,TH
4778329730,5221670269,3941747708,9,2019/8/29,SG
2694286653,7305713346,1857704631,26,2019/8/29,TH
3502388897,6497611102,2665806875,22,2019/8/30,TH
8654614138,1345385861,7818032116,18,2019/8/30,VN
9191358252,808641747,8354776230,9,2019/8/29,VN
8183115590,1816884409,7346533568,5,2019/8/31,TH
7810217728,2189782271,6973635706,25,2019/8/30,SG
7636440997,2363559002,6799858975,17,2019/8/29,TH
7578449432,2421550567,6741867410,6,2019/8/31,SG
7543434245,2456565754,6706852223,25,2019/8/30,ID
7391493230,2608506769,6554911208,7,2019/8/30,VN
7064228954,2935771045,6227646932,10,2019/8/31,SG
6441341106,3558658893,5604759084,27,2019/8/30,SG
48946389,9951053610,787635633,7,2019/8/31,TW
9813093997,186906002,8976511975,11,2019/8/29,PH
9335035229,664964770,8498453207,27,2019/8/29,MY
9235161962,764838037,8398579940,20,2019/8/31,VN
9073805784,926194215,8237223762,19,2019/8/29,SG
8241659995,1758340004,7405077973,7,2019/8/31,PH
7808084912,2191915087,6971502890,22,2019/8/29,SG
7692302735,2307697264,6855720713,25,2019/8/30,MY
7535520512,2464479487,6698938490,5,2019/8/29,VN
7521934077,2478065922,6685352055,17,2019/8/30,VN
6401508522,3598491477,5564926500,28,2019/8/29,MY
6318299895,3681700104,5481717873,28,2019/8/29,SG
5611589809,4388410190,4775007787,23,2019/8/29,PH
2912307490,7087692509,2075725468,25,2019/8/30,PH
2030349340,7969650659,1193767318,22,2019/8/31,TH
9680241581,319758418,8843659559,1,2019/8/30,PH
8882639062,1117360937,8046057040,3,2019/8/31,SG
8782294873,1217705126,7945712851,8,2019/8/30,TH
8304080867,1695919132,7467498845,8,2019/8/31,MY
7969205508,2030794491,7132623486,19,2019/8/29,PH
7889412938,2110587061,7052830916,13,2019/8/29,PH
7143927633,2856072366,6307345611,20,2019/8/30,PH
6541362325,3458637674,5704780303,14,2019/8/29,TW
5879341518,4120658481,5042759496,23,2019/8/29,VN
3006121670,13006121669,2169539648,8,2019/8/29,VN
9894451431,105548568,9057869409,15,2019/8/31,TH
9471526290,528473709,8634944268,6,2019/8/31,SG
2654727587,7345272412,1818145565,5,2019/8/29,VN
9247141488,752858511,8410559466,27,2019/8/30,VN
8935461798,1064538201,8098879776,24,2019/8/31,ID
8316247301,1683752698,7479665279,14,2019/8/31,ID
8140201513,1859798486,7303619491,23,2019/8/30,TW
7731442018,2268557981,6894859996,10,2019/8/31,SG
7637186618,2362813381,6800604596,12,2019/8/30,TW
7340530889,2659469110,6503948867,5,2019/8/30,TH
6854915526,3145084473,6018333504,16,2019/8/31,ID
5439537975,4560462024,4602955953,11,2019/8/30,PH
5147917149,4852082850,4311335127,14,2019/8/30,ID
4658967411,5341032588,3822385389,17,2019/8/31,TH
1443422153,8556577846,606840131,8,2019/8/29,MY
9866861148,133138851,9030279126,26,2019/8/30,TW
9693801564,306198435,8857219542,5,2019/8/30,TH
9607187253,392812746,8770605231,9,2019/8/29,TW
9372637137,627362862,8536055115,20,2019/8/31,TH
9085585716,914414283,8249003694,6,2019/8/31,TW
8886669585,1113330414,8050087563,12,2019/8/29,VN
8861235496,1138764503,8024653474,12,2019/8/29,VN
8818959443,1181040556,7982377421,25,2019/8/29,ID
8459022357,1540977642,7622440335,22,2019/8/31,PH
8111123028,1888876971,7274541006,10,2019/8/30,VN
1894867964,8105132035,1058285942,4,2019/8/30,VN
6859579587,3140420412,6022997565,5,2019/8/30,VN
6348136970,3651863029,5511554948,28,2019/8/30,SG
9691837994,308162005,8855255972,13,2019/8/30,TW
9676422395,323577604,8839840373,7,2019/8/29,TW
9626421019,373578980,8789838997,6,2019/8/30,VN
9253953528,746046471,8417371506,26,2019/8/29,VN
8618253843,1381746156,7781671821,1,2019/8/30,VN
8439967379,1560032620,7603385357,10,2019/8/30,MY
8142586332,1857413667,7306004310,20,2019/8/31,MY
7545718997,2454281002,6709136975,22,2019/8/30,TW
7519540426,2480459573,6682958404,27,2019/8/31,VN
7511839308,2488160691,6675257286,1,2019/8/30,SG
2708448674,7291551325,1871866652,18,2019/8/31,SG
3064992300,13064992299,2228410278,25,2019/8/30,VN
5211436722,4788563277,4374854700,11,2019/8/31,MY
4342510609,5657489390,3505928587,9,2019/8/30,SG
3657548494,6342451505,2820966472,24,2019/8/31,TW
2566888970,7433111029,1730306948,9,2019/8/31,SG
8180561068,1819438931,7343979046,23,2019/8/30,PH
7780301134,2219698865,6943719112,28,2019/8/29,VN
6648470261,3351529738,5811888239,14,2019/8/31,MY
6352860439,3647139560,5516278417,25,2019/8/31,VN
9801393366,198606633,8964811344,7,2019/8/31,TH
3738064712,6261935287,2901482690,22,2019/8/29,SG
9168307802,831692197,8331725780,1,2019/8/30,VN
9110001426,889998573,8273419404,11,2019/8/30,SG
8715149198,1284850801,7878567176,27,2019/8/30,SG
3206024006,6793975993,2369441984,12,2019/8/29,TH
7622740486,2377259513,6786158464,25,2019/8/31,SG
7159324439,2840675560,6322742417,13,2019/8/30,VN
7148074596,2851925403,6311492574,12,2019/8/30,ID
6831978572,3168021427,5995396550,1,2019/8/30,VN
1834891659,8165108340,998309637,11,2019/8/31,VN
3162087742,13162087741,2325505720,19,2019/8/29,TW
1957824019,8042175980,1121241997,22,2019/8/31,VN
9405329920,594670079,8568747898,3,2019/8/30,ID
9319396622,680603377,8482814600,14,2019/8/30,VN
9148858273,851141726,8312276251,14,2019/8/31,SG
8950133542,1049866457,8113551520,20,2019/8/29,MY
8819960799,1180039200,7983378777,14,2019/8/29,TH
8546457188,1453542811,7709875166,21,2019/8/30,TW
8476731775,1523268224,7640149753,15,2019/8/30,MY
8454389021,1545610978,7617806999,21,2019/8/31,MY
8386403002,1613596997,7549820980,1,2019/8/29,VN
8339227732,1660772267,7502645710,14,2019/8/30,TH
7593934015,2406065984,6757351993,24,2019/8/29,VN
7302905510,2697094489,6466323488,4,2019/8/30,SG
7247043505,2752956494,6410461483,16,2019/8/31,ID
7074778934,2925221065,6238196912,17,2019/8/29,VN
6917677091,3082322908,6081095069,18,2019/8/30,MY
6911388768,3088611231,6074806746,23,2019/8/31,VN
6396211025,3603788974,5559629003,13,2019/8/29,SG
5965923991,4034076008,5129341969,13,2019/8/29,VN
5749420209,4250579790,4912838187,28,2019/8/31,ID
9695177380,304822619,8858595358,27,2019/8/31,TH
5274612827,4725387172,4438030805,20,2019/8/31,VN
8783362996,1216637003,7946780974,3,2019/8/29,VN
8467501932,1532498067,7630919910,14,2019/8/31,VN
4736774569,5263225430,3900192547,12,2019/8/30,TW
7558022066,2441977933,6721440044,13,2019/8/29,PH
3892996513,6107003486,3056414491,14,2019/8/31,TH
5506983784,4493016215,4670401762,22,2019/8/31,TH
1644913892,11644913891,808331870,20,2019/8/31,TH
1637700176,11637700175,801118154,23,2019/8/30,SG
9299350240,700649759,8462768218,2,2019/8/30,ID
9192875366,807124633,8356293344,8,2019/8/31,ID
9139947942,860052057,8303365920,4,2019/8/29,VN
8955892586,1044107413,8119310564,26,2019/8/29,SG
2373978993,12373978992,1537396971,24,2019/8/30,TW
7844650294,2155349705,7008068272,24,2019/8/30,TH
7675788738,2324211261,6839206716,1,2019/8/31,SG
7648955577,2351044422,6812373555,4,2019/8/29,VN
2354768277,7645231722,1518186255,19,2019/8/31,ID
6529834545,3470165454,5693252523,20,2019/8/31,PH
9802053210,197946789,8965471188,11,2019/8/30,SG
9572660184,427339815,8736078162,28,2019/8/31,ID
9248261580,751738419,8411679558,11,2019/8/29,SG
9233982666,766017333,8397400644,1,2019/8/31,PH
8973685811,1026314188,8137103789,26,2019/8/31,MY
8106958534,1893041465,7270376512,22,2019/8/30,ID
6642188183,3357811816,5805606161,24,2019/8/31,PH
6422010161,3577989838,5585428139,15,2019/8/30,ID
6172069948,3827930051,5335487926,23,2019/8/31,TW
4180313537,5819686462,3343731515,4,2019/8/30,MY
2799094490,7200905509,1962512468,18,2019/8/29,MY
9718560001,281439998,8881977979,14,2019/8/30,VN
9290834094,709165905,8454252072,28,2019/8/29,MY
9120971117,879028882,8284389095,12,2019/8/31,TW
8981737296,1018262703,8145155274,22,2019/8/30,MY
8581661855,1418338144,7745079833,18,2019/8/29,SG
8008379640,1991620359,7171797618,14,2019/8/29,PH
7806427287,2193572712,6969845265,21,2019/8/30,TH
7438647384,2561352615,6602065362,20,2019/8/31,SG
7430261055,2569738944,6593679033,25,2019/8/29,TH
7170831218,2829168781,6334249196,12,2019/8/30,PH
6699526528,3300473471,5862944506,26,2019/8/31,TW
6555000563,3444999436,5718418541,13,2019/8/30,PH
6367886648,3632113351,5531304626,14,2019/8/29,SG
6174311329,3825688670,5337729307,7,2019/8/29,MY
342875116,10342875115,493706906,25,2019/8/31,VN
1792887858,11792887857,956305836,28,2019/8/30,VN
2617740919,12617740918,1781158897,12,2019/8/31,ID
2199302476,12199302475,1362720454,20,2019/8/30,PH
6459295596,3540704403,5622713574,4,2019/8/31,ID
3687910127,6312089872,2851328105,26,2019/8/29,VN
5204697049,4795302950,4368115027,27,2019/8/30,SG
4839266451,5160733548,4002684429,25,2019/8/31,VN
1202535486,11202535485,365953464,12,2019/8/31,TW
310564150,10310564149,526017872,20,2019/8/31,TW
1723644490,11723644489,887062468,10,2019/8/31,VN
6226095823,3773904176,5389513801,18,2019/8/31,VN
6167065763,3832934236,5330483741,8,2019/8/29,ID
5521590655,4478409344,4685008633,2,2019/8/29,ID
1966376097,8033623902,1129794075,18,2019/8/31,SG
2588797528,7411202471,1752215506,8,2019/8/29,VN
1901115273,8098884726,1064533251,22,2019/8/29,ID
8111189656,1888810343,7274607634,1,2019/8/30,VN
3972811385,6027188614,3136229363,8,2019/8/30,TH
3791741390,6208258609,2955159368,13,2019/8/29,MY
2591144201,12591144200,1754562179,19,2019/8/31,MY
6531571703,3468428296,5694989681,9,2019/8/29,TW
4964713908,5035286091,4128131886,25,2019/8/30,SG
5285507761,4714492238,4448925739,13,2019/8/29,TH
1325687657,11325687656,489105635,27,2019/8/29,PH
1572883253,11572883252,736301231,11,2019/8/29,ID
604710960,10604710959,231871062,17,2019/8/29,MY
1617361378,8382638621,780779356,2,2019/8/29,MY
3665239051,6334760948,2828657029,9,2019/8/30,PH
3587647636,6412352363,2751065614,20,2019/8/31,MY
1125091004,11125091003,288508982,27,2019/8/29,ID
1518120576,11518120575,681538554,6,2019/8/31,ID
6529087973,3470912026,5692505951,9,2019/8/29,TW
4689045872,5310954127,3852463850,27,2019/8/30,ID
69813827,10069813826,766768195,4,2019/8/31,SG
820795575,10820795574,15786447,17,2019/8/31,VN
6466862699,3533137300,5630280677,2,2019/8/31,VN
5167830549,4832169450,4331248527,16,2019/8/29,MY
3051718698,6948281301,2215136676,27,2019/8/29,SG
2062805025,7937194974,1226223003,2,2019/8/30,VN
4195503020,5804496979,3358920998,22,2019/8/29,ID
4063759110,5936240889,3227177088,11,2019/8/31,VN
2086454076,7913545923,1249872054,19,2019/8/30,PH
5858487749,4141512250,5021905727,27,2019/8/29,VN
5343040449,4656959550,4506458427,26,2019/8/30,PH
4616524097,5383475902,3779942075,3,2019/8/30,SG
3425829358,6574170641,2589247336,18,2019/8/29,VN
2671049107,7328950892,1834467085,22,2019/8/31,MY
272072230,9727927769,564509792,1,2019/8/29,VN
2608185080,12608185079,1771603058,27,2019/8/30,TH
4873535286,5126464713,4036953264,5,2019/8/30,SG
2511390323,12511390322,1674808301,8,2019/8/29,VN
1415229536,8584770463,578647514,13,2019/8/30,MY
2358118882,12358118881,1521536860,5,2019/8/31,SG
2099688324,7900311675,1263106302,1,2019/8/31,MY
940850829,10940850828,104268807,20,2019/8/31,PH
4933334065,5066665934,4096752043,11,2019/8/29,SG
2163826837,7836173162,1327244815,25,2019/8/29,TW
6378675086,3621324913,5542093064,8,2019/8/31,MY
6287520533,3712479466,5450938511,1,2019/8/30,SG
3535360705,6464639294,2698778683,5,2019/8/30,SG
2602580112,12602580111,1765998090,7,2019/8/31,PH
1456211145,11456211144,619629123,21,2019/8/30,VN
384958250,10384958249,451623772,18,2019/8/30,TW
6728639739,3271360260,5892057717,7,2019/8/29,VN
6163445113,3836554886,5326863091,18,2019/8/30,ID
612391842,9387608157,224190180,18,2019/8/31,ID
6928677922,3071322077,6092095900,27,2019/8/30,PH
1313820165,11313820164,477238143,4,2019/8/31,MY
4146301484,5853698515,3309719462,7,2019/8/29,PH
1319207111,8680792888,482625089,10,2019/8/30,PH
3128874732,6871125267,2292292710,21,2019/8/31,TW
2787001596,7212998403,1950419574,13,2019/8/29,SG
918655515,9081344484,82073493,7,2019/8/29,MY
1948392685,8051607314,1111810663,8,2019/8/29,TH
1510510985,11510510984,673928963,6,2019/8/31,SG
6742843695,3257156304,5906261673,13,2019/8/31,ID
5685590296,4314409703,4849008274,28,2019/8/31,ID
1067877538,8932122461,231295516,19,2019/8/29,ID
2234322575,12234322574,1397740553,5,2019/8/31,TH
2172822072,12172822071,1336240050,8,2019/8/29,PH
492416958,9507583041,344165064,17,2019/8/30,PH
6461644192,3538355807,5625062170,19,2019/8/31,VN
1316024320,11316024319,479442298,9,2019/8/30,TH
692112253,10692112252,144469769,21,2019/8/31,TW
1997789279,8002210720,1161207257,5,2019/8/29,ID
3773982278,6226017721,2937400256,3,2019/8/29,TW
247050178,10247050177,589531844,24,2019/8/31,PH
6962195316,3037804683,6125613294,16,2019/8/31,SG
4358400704,5641599295,3521818682,22,2019/8/31,TW
3538605004,6461394995,2702022982,24,2019/8/31,TW
2042540742,12042540741,1205958720,17,2019/8/29,VN
1857092324,11857092323,1020510302,10,2019/8/29,SG
618685197,10618685196,217896825,24,2019/8/30,ID
5906783394,4093216605,5070201372,3,2019/8/31,SG
1921369035,11921369034,1084787013,28,2019/8/31,TH
3451705092,6548294907,2615123070,15,2019/8/31,VN
3291135088,6708864911,2454553066,9,2019/8/31,TW
3132862281,6867137718,2296280259,6,2019/8/29,PH
8978892137,1021107862,8142310115,4,2019/8/30,TH
2133581280,12133581279,1296999258,6,2019/8/30,MY
2334912448,12334912447,1498330426,20,2019/8/29,PH
6174340613,3825659386,5337758591,7,2019/8/29,VN
5976313065,4023686934,5139731043,28,2019/8/31,PH
5585697882,4414302117,4749115860,5,2019/8/29,MY
5063385384,4936614615,4226803362,1,2019/8/30,PH
4528637807,5471362192,3692055785,25,2019/8/31,ID
6524422015,3475577984,5687839993,5,2019/8/31,PH
483847608,9516152391,352734414,5,2019/8/29,VN
3134013708,6865986291,2297431686,23,2019/8/31,PH
2939775279,7060224720,2103193257,8,2019/8/29,MY
1386381865,11386381864,549799843,18,2019/8/29,VN
4973698209,5026301790,4137116187,23,2019/8/30,VN
3085964712,6914035287,2249382690,25,2019/8/29,MY
3805823280,6194176719,2969241258,15,2019/8/30,MY
2468001392,12468001391,1631419370,12,2019/8/29,MY
1162415497,11162415496,325833475,17,2019/8/29,SG
2161360130,7838639869,1324778108,18,2019/8/29,VN
30701934,10030701933,805880088,9,2019/8/29,TH
8767812360,1232187639,7931230338,22,2019/8/31,SG
6000580824,3999419175,5163998802,11,2019/8/29,TW
4858241682,5141758317,4021659660,10,2019/8/30,ID
3973570001,6026429998,3136987979,19,2019/8/30,PH
3797427853,6202572146,2960845831,1,2019/8/29,PH
4078841961,5921158038,3242259939,9,2019/8/29,VN
3261446664,6738553335,2424864642,11,2019/8/29,ID
1612667871,11612667870,776085849,13,2019/8/31,MY
558655911,10558655910,277926111,5,2019/8/29,PH
5356813339,4643186660,4520231317,26,2019/8/31,ID
5919357768,4080642231,5082775746,3,2019/8/29,ID
5317009995,4682990004,4480427973,5,2019/8/31,TH
3515739975,6484260024,2679157953,12,2019/8/30,VN
4903955693,5096044306,4067373671,19,2019/8/31,VN
3178235131,6821764868,2341653109,26,2019/8/30,TH
3084194696,6915805303,2247612674,8,2019/8/29,TW
48919122,9951080877,787662900,10,2019/8/29,VN
111506280,9888493719,725075742,8,2019/8/29,VN
370248398,10370248397,466333624,20,2019/8/29,PH
998638690,10998638689,162056668,8,2019/8/30,VN
5385897686,4614102313,4549315664,8,2019/8/31,VN
1493694027,8506305972,657112005,17,2019/8/29,SG
1514351046,11514351045,677769024,17,2019/8/29,ID
1515018600,8484981399,678436578,22,2019/8/29,PH
1798180306,11798180305,961598284,2,2019/8/29,TW
1409937331,11409937330,573355309,28,2019/8/30,MY
3335253693,6664746306,2498671671,23,2019/8/30,TH
5567038707,4432961292,4730456685,19,2019/8/29,VN
4783586511,5216413488,3947004489,4,2019/8/31,SG
865318215,9134681784,28736193,11,2019/8/30,ID
2656740017,7343259982,1820157995,15,2019/8/31,VN
2826306943,12826306942,1989724921,19,2019/8/31,TW
2313067278,12313067277,1476485256,9,2019/8/31,TH
1751804579,11751804578,915222557,20,2019/8/31,PH
5239310146,4760689853,4402728124,24,2019/8/29,TW
4745272467,5254727532,3908690445,11,2019/8/30,ID
5322454915,4677545084,4485872893,2,2019/8/31,VN
1235884855,11235884854,399302833,12,2019/8/29,VN
3570498505,6429501494,2733916483,10,2019/8/29,TW
2656002914,7343997085,1819420892,28,2019/8/29,TW
1177930360,11177930359,341348338,16,2019/8/31,PH
1066038017,11066038016,229455995,11,2019/8/31,VN
4461634286,5538365713,3625052264,7,2019/8/30,TH
4207227538,5792772461,3370645516,1,2019/8/29,VN
3904111931,6095888068,3067529909,17,2019/8/30,VN
6443826067,3556173932,5607244045,23,2019/8/30,VN
653887825,9346112174,182694197,22,2019/8/31,VN
758583399,10758583398,77998623,22,2019/8/30,TW
4458475909,5541524090,3621893887,20,2019/8/31,ID
7057424093,2942575906,6220842071,15,2019/8/31,TW
4171641186,5828358813,3335059164,11,2019/8/30,TW
5396789724,4603210275,4560207702,9,2019/8/29,VN
4839736874,5160263125,4003154852,7,2019/8/29,TW
2904054699,7095945300,2067472677,11,2019/8/30,MY
146872396,10146872395,689709626,13,2019/8/29,PH
2502554712,12502554711,1665972690,17,2019/8/30,VN
1174090787,11174090786,337508765,13,2019/8/29,MY
4858095415,5141904584,4021513393,4,2019/8/31,TW
4400302839,5599697160,3563720817,25,2019/8/30,TH
4140338008,5859661991,3303755986,22,2019/8/30,TH
3086935840,6913064159,2250353818,12,2019/8/30,PH
417810288,9582189711,418771734,3,2019/8/29,SG
103831971,9896168028,732750051,19,2019/8/29,SG
3013392883,13013392882,2176810861,22,2019/8/29,TW
428350137,10428350136,408231885,2,2019/8/29,PH
9317931643,682068356,8481349621,21,2019/8/30,PH
5114634537,4885365462,4278052515,22,2019/8/31,TH
5381611529,4618388470,4545029507,20,2019/8/29,ID
3661907681,6338092318,2825325659,11,2019/8/29,MY
5263500886,4736499113,4426918864,3,2019/8/31,PH
4967999604,5032000395,4131417582,11,2019/8/31,VN
6250611679,3749388320,5414029657,2,2019/8/29,VN
2850376770,7149623229,2013794748,15,2019/8/31,ID
846139525,9153860474,9557503,23,2019/8/29,ID
556708273,10556708272,279873749,8,2019/8/31,MY
746532381,9253467618,90049641,17,2019/8/29,ID
777952002,9222047997,58630020,7,2019/8/30,SG
2872674343,7127325656,2036092321,20,2019/8/31,MY
2091880536,7908119463,1255298514,14,2019/8/29,VN
2780294691,7219705308,1943712669,4,2019/8/30,ID
996774964,10996774963,160192942,9,2019/8/30,TH
4340609834,5659390165,3504027812,21,2019/8/30,MY
4140028688,5859971311,3303446666,13,2019/8/29,ID
2653776242,7346223757,1817194220,4,2019/8/31,MY
6793403672,3206596327,5956821650,12,2019/8/31,MY
1615914236,11615914235,779332214,5,2019/8/30,SG
1914178833,11914178832,1077596811,3,2019/8/30,ID
2922973043,12922973042,2086391021,26,2019/8/30,MY
5470074761,4529925238,4633492739,11,2019/8/31,TH
4543133528,5456866471,3706551506,7,2019/8/29,VN
3609685010,6390314989,2773102988,15,2019/8/30,VN
3320761390,6679238609,2484179368,16,2019/8/29,TH
3156659233,6843340766,2320077211,13,2019/8/31,TW
2690146194,7309853805,1853564172,9,2019/8/31,TH
1539954395,8460045604,703372373,13,2019/8/31,TW
3322013172,6677986827,2485431150,7,2019/8/30,ID
2865055159,7134944840,2028473137,21,2019/8/30,SG
2727271587,7272728412,1890689565,25,2019/8/30,VN
2611412705,12611412704,1774830683,20,2019/8/31,TH
1875021589,11875021588,1038439567,9,2019/8/31,TH
3912222647,6087777352,3075640625,15,2019/8/29,SG
3036735138,6963264861,2200153116,20,2019/8/30,VN
4117254239,5882745760,3280672217,20,2019/8/30,TW
3468573303,6531426696,2631991281,13,2019/8/31,SG
2922802885,7077197114,2086220863,20,2019/8/29,VN
1126119073,8873880926,289537051,5,2019/8/29,SG
551542083,10551542082,285039939,8,2019/8/30,TW
3118354000,6881645999,2281771978,10,2019/8/30,TW
6030789213,3969210786,5194207191,3,2019/8/30,PH
5050732355,4949267644,4214150333,13,2019/8/30,VN
4597480246,5402519753,3760898224,7,2019/8/30,TH
2173925449,7826074550,1337343427,17,2019/8/30,TH
955512579,9044487420,118930557,16,2019/8/30,TW
4782780308,5217219691,3946198286,24,2019/8/30,SG
3772023254,6227976745,2935441232,11,2019/8/30,SG
3114551046,6885448953,2277969024,25,2019/8/29,VN
2344561971,7655438028,1507979949,9,2019/8/29,VN
753597340,10753597339,82984682,2,2019/8/30,ID
2297659439,7702340560,1461077417,6,2019/8/30,MY
4399711485,5600288514,3563129463,6,2019/8/29,VN
4312712402,5687287597,3476130380,5,2019/8/30,PH
754974578,10754974577,81607444,6,2019/8/29,VN
2930933538,12930933537,2094351516,16,2019/8/30,VN
2091035369,12091035368,1254453347,2,2019/8/30,TW
2877754052,12877754051,2041172030,12,2019/8/31,TW
540600938,10540600937,295981084,4,2019/8/31,ID
2246566440,12246566439,1409984418,1,2019/8/29,VN
7168914473,2831085526,6332332451,9,2019/8/31,TW
3067151551,13067151550,2230569529,23,2019/8/29,PH
4196874195,5803125804,3360292173,17,2019/8/29,SG
5315495838,4684504161,4478913816,25,2019/8/31,VN
1940913313,11940913312,1104331291,18,2019/8/29,TH
6564564928,3435435071,5727982906,16,2019/8/29,MY
4886941527,5113058472,4050359505,6,2019/8/29,TW
4739400069,5260599930,3902818047,9,2019/8/29,VN
413092841,9586907158,423489181,2,2019/8/31,SG
4462180881,5537819118,3625598859,24,2019/8/31,VN
4111353119,5888646880,3274771097,10,2019/8/31,TH
1154354361,8845645638,317772339,1,2019/8/31,VN
1338296963,8661703036,501714941,15,2019/8/31,TH
5331197704,4668802295,4494615682,19,2019/8/29,TW
4082579043,5917420956,3245997021,26,2019/8/31,TW
9200922372,799077627,8364340350,5,2019/8/29,TH
3365375,9996634624,833216647,26,2019/8/29,TH
6943747071,3056252928,6107165049,23,2019/8/30,VN
5581063088,4418936911,4744481066,20,2019/8/30,MY
2802816542,12802816541,1966234520,28,2019/8/30,TH
3294658372,6705341627,2458076350,28,2019/8/31,VN
3084056583,6915943416,2247474561,28,2019/8/31,TH
998989295,10998989294,162407273,13,2019/8/31,TW
37464023,9962535976,799117999,26,2019/8/31,VN
4733989557,5266010442,3897407535,17,2019/8/31,TW
1731538245,11731538244,894956223,22,2019/8/29,VN
104782172,9895217827,731799850,19,2019/8/29,VN
7915742732,2084257267,7079160710,7,2019/8/30,ID
5638675147,4361324852,4802093125,28,2019/8/29,SG
4947840984,5052159015,4111258962,11,2019/8/31,VN
1572032142,11572032141,735450120,8,2019/8/29,PH
70447409,10070447408,766134613,18,2019/8/29,MY
3650311356,6349688643,2813729334,14,2019/8/31,VN
3637738887,6362261112,2801156865,22,2019/8/31,ID
3081987436,6918012563,2245405414,24,2019/8/30,VN
1300474947,11300474946,463892925,15,2019/8/31,SG
1316163780,11316163779,479581758,19,2019/8/30,MY
4730887997,5269112002,3894305975,14,2019/8/29,VN
3228391892,6771608107,2391809870,21,2019/8/31,VN
1567098925,11567098924,730516903,8,2019/8/29,PH
2236886005,7763113994,1400303983,20,2019/8/30,ID
6241635462,3758364537,5405053440,25,2019/8/29,MY
2082593720,12082593719,1246011698,27,2019/8/29,VN
2311652637,12311652636,1475070615,8,2019/8/31,SG
2340425388,12340425387,1503843366,19,2019/8/31,PH
6967905518,3032094481,6131323496,18,2019/8/30,SG
4871550439,5128449560,4034968417,12,2019/8/31,SG
4255721064,5744278935,3419139042,22,2019/8/31,SG
5192271515,4807728484,4355689493,25,2019/8/29,SG
2860771287,12860771286,2024189265,16,2019/8/29,PH
2857604498,12857604497,2021022476,7,2019/8/29,TW
3009982697,13009982696,2173400675,3,2019/8/29,SG
321008201,10321008200,515573821,16,2019/8/29,PH
4459575274,5540424725,3622993252,17,2019/8/30,TW
3001099259,6998900740,2164517237,15,2019/8/31,TW
2163641217,12163641216,1327059195,12,2019/8/29,MY
2054444906,12054444905,1217862884,7,2019/8/30,VN
177915803,9822084196,658666219,24,2019/8/29,SG
822751200,10822751199,13830822,25,2019/8/31,TW
2222330878,12222330877,1385748856,27,2019/8/31,VN
5459173225,4540826774,4622591203,19,2019/8/31,VN
5390673385,4609326614,4554091363,21,2019/8/31,TH
283677763,9716322236,552904259,21,2019/8/30,TH
3780256536,6219743463,2943674514,6,2019/8/30,ID
2405363,9997594636,834176659,6,2019/8/29,VN
1595007924,8404992075,758425902,12,2019/8/30,TW
1387995771,11387995770,551413749,25,2019/8/30,PH
711759221,9288240778,124822801,16,2019/8/29,MY
497793885,9502206114,338788137,18,2019/8/29,VN
6706051047,3293948952,5869469025,18,2019/8/29,TH
4665299602,5334700397,3828717580,20,2019/8/31,ID
4658708105,5341291894,3822126083,10,2019/8/30,MY
3299579285,6700420714,2462997263,11,2019/8/30,PH
3798547396,6201452603,2961965374,23,2019/8/31,TW
1955346800,11955346799,1118764778,22,2019/8/30,MY
1187331470,8812668529,350749448,28,2019/8/31,MY
5896516403,4103483596,5059934381,15,2019/8/29,TW
4855111244,5144888755,4018529222,20,2019/8/29,TH
4412458902,5587541097,3575876880,2,2019/8/31,VN
3777963650,6222036349,2941381628,14,2019/8/30,ID
834599861,9165400138,1982161,16,2019/8/31,VN
2736273921,12736273920,1899691899,11,2019/8/29,VN
2722679689,12722679688,1886097667,3,2019/8/30,SG
52500627,9947499372,784081395,15,2019/8/31,MY
4260963545,5739036454,3424381523,17,2019/8/29,MY
3288770307,6711229692,2452188285,26,2019/8/31,SG
974549362,10974549361,137967340,17,2019/8/31,ID
8686864062,1313135937,7850282040,19,2019/8/30,MY
6054142102,3945857897,5217560080,21,2019/8/30,TH
5883714397,4116285602,5047132375,25,2019/8/30,SG
6584085551,3415914448,5747503529,4,2019/8/31,VN
6564924887,3435075112,5728342865,22,2019/8/30,PH
3595895165,6404104834,2759313143,2,2019/8/29,PH
2090829323,7909170676,1254247301,21,2019/8/30,ID
2517460277,12517460276,1680878255,19,2019/8/31,SG
1388045620,11388045619,551463598,8,2019/8/30,PH
6906662040,3093337959,6070080018,14,2019/8/31,VN
5267184065,4732815934,4430602043,16,2019/8/29,TW
3285871602,6714128397,2449289580,27,2019/8/30,ID
4547156045,5452843954,3710574023,22,2019/8/30,TW
2586082087,7413917912,1749500065,18,2019/8/29,SG
976576772,10976576771,139994750,22,2019/8/30,TW
1989146914,11989146913,1152564892,21,2019/8/29,VN
2622814258,12622814257,1786232236,11,2019/8/31,ID
776680177,9223319822,59901845,10,2019/8/31,PH
