brand,product_id,sku_id,price
Apple,2227657594,11115650053,622
Apple,2227657594,11115650054,461
Apple,4813479739,5906944047,1171
Apple,2227657594,11115650056,1011
Apple,4813479739,5906944046,521
Apple,2227657594,11115650061,1332
Apple,3419318405,7911098297,318
Apple,3419318405,7911098293,67
Apple,3419318405,7911098301,546
Apple,2227657594,11115650058,167
Apple,6127266939,11037921372,1332
Apple,4813479739,5906944049,1359
Apple,2227657594,11115650059,1081
Apple,485258464,234836478,1172
Apple,2227657594,11115650057,591
Apple,1186812615,2156041695,178
Apple,2227657594,11115650062,866
Sony,693070332,792485098,489
Apple,2326035739,10510950264,617
Apple,669208367,1677289152,1395
Apple,521115910,322927333,498
Apple,669208367,1677289147,1342
Apple,2326035739,10510950265,16
Apple,388533618,20578277,228
Apple,891875417,1332735054,199
Apple,725922975,1729432105,1403
Apple,813264123,1141196909,1240
Apple,5512834562,5720725239,490
Apple,1186812615,2156041694,306
Apple,891875417,1332735055,563
Apple,813264123,1141196910,554
Apple,2326035739,10510950268,878
Apple,521115910,322927330,1220
Apple,2326035739,10510950267,178
Apple,485258464,234836483,1270
Apple,521115910,322927331,366
Apple,485258464,234836481,1053
Apple,5512834562,5720725238,1134
Apple,1186812615,2156041697,688
Apple,725922975,1729432106,883
Apple,891875417,1332735050,1050
Apple,2326035739,10510950269,1370
Apple,521115910,322927328,1449
Apple,2326035739,10510950263,467
Apple,6127266939,11037921373,1275
Apple,485258464,234836480,1385
Apple,5512834562,5720725237,639
Apple,891875417,1332735053,384
Apple,891875417,1332735056,1070
Apple,4813479739,5906944045,1241
Apple,891875417,1332735049,335
Apple,725922975,1729432102,1351
Apple,4813479739,5906944048,31
Apple,6127266939,11037921374,343
Apple,485258464,234836479,34
Apple,2227657594,11115650055,254
Apple,2227657594,11115650060,861
Google,121421828,804284241,275
Google,121421828,804284242,1103
Huawei,1678538782,4295469796,388
Huawei,1820776454,5067759566,1395
Apple,4813479739,5906944050,173
Huawei,4116339274,6828093153,691
Huawei,1180144308,2139966812,790
Apple,3419318405,7911098291,1127
Apple,3419318405,7911098295,114
Huawei,1678538782,4295469802,309
Apple,1186812615,2156041700,455
Apple,521115910,322927332,1169
Huawei,344880501,145059946,936
Huawei,1684755706,4328901879,68
Huawei,1028140806,1663319283,382
Apple,5512834562,5720725236,447
Huawei,3023907493,9719258614,1274
Apple,1186812615,2156041696,406
Huawei,1526619209,3517312876,189
Huawei,477006437,212163187,1208
Huawei,1820776454,5067759567,1437
Apple,891875417,1332735051,1135
Huawei,542551203,371243279,525
Huawei,628548545,595192034,1365
Apple,669208367,1677289149,732
Apple,6127266939,11037921375,138
Apple,2326035739,10510950270,581
Apple,725922975,1729432104,893
Apple,388533618,20578275,205
Apple,669208367,1677289150,374
Apple,5512834562,5720725235,777
Apple,1186812615,2156041698,999
Huawei,477006437,212163188,1105
Apple,813264123,1141196911,330
Apple,1186812615,2156041701,1484
Huawei,19272195,1022923304,862
Huawei,19272195,1022923305,1017
Huawei,268179164,365712343,1261
Huawei,5129423155,11585065537,913
Huawei,634919379,614972489,1371
Huawei,4014379510,6166753652,837
Huawei,1526619209,3517312868,1414
Huawei,23324832,1016693196,700
Huawei,1280728387,2453472657,33
Huawei,23324832,1016693192,1479
Huawei,200642672,594905757,489
Huawei,221687272,531327938,358
Huawei,23324832,1016693195,456
Huawei,1908776035,5521636727,560
Huawei,45037348,975764388,457
Huawei,542551203,371243276,1062
Huawei,246768864,449403827,198
Huawei,668501039,717282779,1472
Huawei,45037348,975764389,943
Huawei,45037348,975764385,1230
Huawei,308565073,243824756,779
Huawei,1907949678,5516461378,212
Huawei,48781436,969364608,1493
Huawei,48781436,969364610,148
Huawei,5129423155,11585065538,468
Huawei,5129423155,11585065534,897
Huawei,1907949678,5516461377,1292
Huawei,48781436,969364605,1090
Sony,693070332,792485097,1001
Huawei,48781436,969364602,1296
Huawei,68541658,928742870,629
Apple,3419318405,7911098299,1289
Huawei,68541658,928742868,1248
Huawei,68541658,928742872,365
Huawei,68541658,928742869,191
Huawei,75372587,914087196,242
Sony,693070332,792485099,184
Apple,669208367,1677289148,649
Apple,1186812615,2156041702,1021
Apple,669208367,1677289151,967
Apple,725922975,1729432108,1316
Apple,388533618,20578276,1102
Huawei,75372587,914087209,64
Huawei,78751422,1124650870,766
Huawei,78751422,1124650869,257
Huawei,98717347,1133541736,1494
Apple,891875417,1332735057,1398
Apple,6127266939,11037921377,410
Apple,891875417,1332735052,73
Apple,485258464,234836476,1424
Huawei,98717347,1133541732,1267
Apple,388533618,20578274,767
Apple,813264123,1141196907,460
Huawei,117591122,813535680,834
Apple,485258464,234836482,650
Google,121421828,804284235,53
Apple,388533618,20578273,207
Huawei,121937835,1150446920,220
Apple,521115910,322927329,914
Huawei,121937835,1150446919,1396
Apple,813264123,1141196908,800
Huawei,121937835,1150446918,203
Huawei,133628214,1161119700,653
Apple,669208367,1677289153,12
Huawei,133628214,1161119694,354
Apple,725922975,1729432103,1338
Apple,485258464,234836477,372
Huawei,133628214,1161119696,806
Apple,2326035739,10510950266,1325
Apple,669208367,1677289154,908
Huawei,149024265,740595315,1161
Apple,1186812615,2156041699,833
Huawei,149024265,740595312,26
Apple,2326035739,10510950262,1368
Apple,725922975,1729432107,1298
Huawei,190597238,1222311218,655
Huawei,266092875,373662601,301
Huawei,149024265,740595310,950
Motorola,153767566,106888689,524
Huawei,1410878901,3019229842,422
Huawei,164124780,1193246248,157
Huawei,467659750,187813269,655
Huawei,164124780,1193246249,961
Huawei,190597238,1222311217,1112
Huawei,180171100,1209425389,903
Huawei,188227468,631142435,823
Huawei,188227468,631142436,1384
Huawei,696291612,1706433051,1450
Huawei,188227468,631142432,1344
Huawei,190597238,1222311222,600
Huawei,634919379,614972493,980
Huawei,619222516,1627522421,776
Huawei,221687272,531327937,979
Huawei,3023907493,9719258609,954
Huawei,1820776454,5067759569,918
Huawei,190597238,1222311224,793
Huawei,268179164,365712341,126
Huawei,246768864,449403831,1421
Huawei,4014379510,6166753654,966
Huawei,256167945,413227958,75
Huawei,190597238,1222311220,1438
Huawei,190597238,1222311216,215
HTC,193943636,125324176,41
Huawei,3818644958,7673982693,865
Huawei,196800367,605897946,93
Huawei,639750302,1646114498,1421
Huawei,517430959,314120597,1227
Huawei,200642672,594905755,1228
Huawei,3023907493,9719258612,1002
Huawei,1829803124,5111159933,355
Huawei,3818644958,7673982694,255
Huawei,1410878901,3019229837,329
Huawei,48781436,969364603,724
Huawei,206368619,1243216956,1219
Huawei,206368619,1243216959,683
Huawei,3818644958,7673982698,958
HTC,235084423,151930148,598
Huawei,1829803124,5111159938,942
Huawei,483843629,231223983,121
Huawei,240127387,1285764959,85
Huawei,240127387,1285764954,418
Huawei,240127387,1285764950,1444
Huawei,240127387,1285764960,1075
Huawei,246768864,449403835,126
Huawei,1363821658,2839296717,1223
Huawei,591261728,547039773,749
Huawei,542551203,371243277,1357
Huawei,246768864,449403832,564
Huawei,486857791,239830718,1211
Huawei,268179164,365712347,581
Huawei,1678538782,4295469797,1211
Huawei,574094117,443820543,721
Huawei,246768864,449403829,169
Huawei,246768864,449403830,1092
Huawei,1280728387,2453472662,629
Huawei,246768864,449403834,1302
Huawei,634919379,614972492,364
Huawei,256167945,413227959,424
Huawei,256167945,413227960,1291
Huawei,540566635,1555404927,1412
Huawei,1684755706,4328901878,87
Huawei,477006437,212163189,242
Huawei,266092875,373662605,327
Huawei,266092875,373662600,1024
Huawei,266092875,373662606,434
Huawei,268179164,365712340,1381
Huawei,1798659672,4947814153,739
Huawei,164124780,1193246243,134
Huawei,1798659672,4947814157,478
Huawei,268179164,365712344,881
Huawei,268179164,365712342,844
XIAOMI,272398122,178501942,1494
Huawei,279540091,1343151680,993
Huawei,279540091,1343151678,200
HTC,282225159,185168215,416
Huawei,574094117,443820548,1327
Huawei,619222516,1627522417,54
Huawei,976473101,1514687326,607
Huawei,295074569,1362109749,640
Huawei,295074569,1362109752,22
Huawei,370123482,70154061,398
Huawei,308565073,243824755,777
Huawei,976473101,1514687324,176
Huawei,1180144308,2139966809,237
Huawei,1363821658,2839296716,893
Huawei,164124780,1193246247,444
Huawei,1180144308,2139966813,622
Huawei,196800367,605897951,684
Huawei,308796907,242938496,653
Huawei,1908776035,5521636726,1431
Huawei,308796907,242938494,1389
Huawei,308796907,242938495,1153
Huawei,266092875,373662603,1186
Huawei,1085403307,1840309853,1023
Huawei,313511903,230262755,85
Huawei,313511903,230262756,289
Huawei,590206861,484880494,670
Huawei,1526619209,3517312874,842
XIAOMI,314485307,216278461,930
Huawei,590206861,484880492,323
Huawei,315341343,224978376,1143
Huawei,486857791,239830724,801
Huawei,315341343,224978375,2
Huawei,200642672,594905756,256
Huawei,315341343,224978382,430
Huawei,370123482,70154057,146
Huawei,318511887,217352940,438
Huawei,324746285,199423960,395
Huawei,324746285,199423956,780
Huawei,515930240,310817146,818
Huawei,1280728387,2453472658,365
Huawei,324746285,199423959,303
Huawei,590206861,484880493,602
Huawei,324746285,199423955,524
Huawei,329875764,184980064,828
Huawei,3818644958,7673982692,460
Huawei,329875764,184980066,413
Huawei,515930240,310817147,1266
Huawei,329875764,184980065,1435
Huawei,668501039,717282778,1467
Huawei,344880501,145059948,958
Huawei,3818644958,7673982697,685
Huawei,344880501,145059950,1147
Huawei,1363821658,2839296718,729
Huawei,190597238,1222311221,1329
Huawei,1716439989,4491713549,1471
Huawei,1315320344,2631924254,597
Huawei,750660278,1746638356,972
Huawei,354087424,1424574762,147
Huawei,1684755706,4328901883,981
Huawei,354087424,1424574759,920
Huawei,355312354,1426211269,93
Huawei,1716439989,4491713558,838
Huawei,355312354,1426211272,377
Huawei,355312354,1426211268,202
Huawei,318511887,217352942,986
Huawei,605893143,528566179,178
Huawei,368828981,74077230,499
Huawei,308565073,243824751,1491
Huawei,368828981,74077232,1242
Huawei,1678538782,4295469799,639
Huawei,605893143,528566182,504
Huawei,368828981,74077229,233
Huawei,369929029,70802705,295
Huawei,211062242,1248180922,637
Huawei,180171100,1209425391,216
Huawei,750660278,1746638357,616
Huawei,369929029,70802710,812
Huawei,369929029,70802709,853
Huawei,477006437,212163193,1430
Huawei,246768864,449403836,471
Huawei,369929029,70802706,749
Huawei,369929029,70802704,1404
Huawei,96370935,864330337,2
Huawei,369929029,70802712,1388
Huawei,2515466483,6487709182,283
Huawei,75372587,914087204,47
Huawei,370123482,70154060,1000
Huawei,1716439989,4491713546,714
Huawei,370123482,70154056,344
Huawei,211062242,1248180921,774
HTC,388539914,293133594,727
Huawei,628548545,595192033,97
Huawei,75372587,914087207,1290
Huawei,390807976,1455340875,1170
Huawei,1028140806,1663319287,1482
Huawei,390807976,1455340878,1335
Huawei,675911623,739508269,359
Huawei,1526619209,3517312869,1392
Huawei,390807976,1455340870,728
Huawei,390807976,1455340879,212
Huawei,467659750,187813270,759
Huawei,467659750,187813271,354
Huawei,477006437,212163192,69
Huawei,268179164,365712346,1171
Huawei,1063239801,1770161542,687
Huawei,483843629,231223985,169
Huawei,483843629,231223986,1456
Huawei,486857791,239830725,53
Huawei,517430959,314120596,1376
Huawei,486857791,239830720,1356
Huawei,1280728387,2453472659,821
Huawei,486857791,239830722,1263
Huawei,467659750,187813273,1204
Huawei,501960328,276842545,904
Huawei,511214620,298816472,543
Huawei,308565073,243824757,1462
Huawei,511214620,298816475,1197
Huawei,511214620,298816471,907
Huawei,515930240,310817145,1341
Huawei,1829803124,5111159939,394
Huawei,268179164,365712338,27
Huawei,517430959,314120600,311
Huawei,517430959,314120598,1057
Huawei,266092875,373662604,1054
Huawei,246768864,449403833,991
Huawei,639750302,1646114493,1125
Google,121421828,804284237,1359
Huawei,641314269,635204134,390
Huawei,666072104,710141543,732
Huawei,1262048509,2385763073,1345
Huawei,643564470,641918417,164
Huawei,1215618709,2239706739,1074
Huawei,517430959,314120595,576
Huawei,4419224385,7881022043,1146
Huawei,809883373,1131432213,405
Huawei,518113553,316048471,498
Huawei,527425437,337899619,56
Huawei,518113553,316048472,655
Huawei,527425437,337899616,27
Huawei,368828981,74077233,118
Huawei,1161150539,2083333786,553
Huawei,240127387,1285764962,1300
Huawei,527425437,337899621,1184
Huawei,527425437,337899620,782
Huawei,527425437,337899618,1078
Huawei,527425437,337899615,1178
Huawei,542551203,371243274,437
Huawei,549050483,386300770,1082
Huawei,809883373,1131432214,1112
Huawei,1684419611,4326958239,118
Huawei,308796907,242938491,1004
Huawei,1174184011,2121380956,246
Huawei,549050483,386300772,536
Huawei,5113352050,5869362457,1395
Huawei,5113352050,5869362459,129
Huawei,354087424,1424574758,39
Huawei,549050483,386300771,308
Huawei,68541658,928742871,1118
Huawei,549050483,386300775,418
Huawei,1174184011,2121380954,1226
Huawei,390807976,1455340873,806
Huawei,556698085,1569035855,844
Huawei,556698085,1569035848,1117
Huawei,324746285,199423957,621
Huawei,556698085,1569035845,206
Huawei,796111166,1087067267,1491
Huawei,1574275998,3772049607,705
Huawei,556698085,1569035856,716
Huawei,1099764859,1881755007,562
Blackberry,557620981,423953828,18
Huawei,390807976,1455340877,515
Huawei,570646242,1580774890,895
Huawei,313511903,230262753,30
Huawei,390807976,1455340876,1399
Huawei,643564470,641918413,829
Huawei,527425437,337899617,786
Huawei,570646242,1580774892,1159
Huawei,1638696028,4104258349,135
Huawei,574094117,443820550,1126
Huawei,574094117,443820544,380
Huawei,590206861,484880485,239
Huawei,641314269,635204133,480
Huawei,593176033,1601642248,828
Huawei,19272195,1022923307,1441
Huawei,593176033,1601642249,1210
Huawei,593176033,1601642250,1113
Huawei,1596418829,3903866359,644
Huawei,593713824,494794069,1386
Huawei,329875764,184980062,547
Huawei,4419224385,7881022042,150
Huawei,23324832,1016693194,172
Huawei,638464247,1644924473,1280
Huawei,593713824,494794074,43
Huawei,666072104,710141539,1206
Huawei,593713824,494794075,998
Huawei,593713824,494794070,1498
Huawei,593713824,494794072,1277
Huawei,666072104,710141546,881
Huawei,593713824,494794071,337
Huawei,605893143,528566180,926
Huawei,809883373,1131432217,1111
Huawei,1183984796,2149585993,1319
Huawei,6725642683,10390447509,595
Huawei,605893143,528566181,829
Huawei,619222516,1627522420,448
Huawei,619222516,1627522419,383
Huawei,619222516,1627522422,137
Huawei,628548545,595192032,781
Huawei,805111491,1115312257,691
Huawei,549050483,386300774,1479
Huawei,1183984796,2149585994,202
Huawei,634919379,614972484,968
Huawei,23324832,1016693193,827
Huawei,1307953236,2591812069,847
Huawei,634919379,614972488,952
Huawei,809883373,1131432212,1207
Huawei,1439461049,3135573886,960
Huawei,638464247,1644924479,623
Huawei,329875764,184980067,1218
Huawei,45037348,975764387,459
Huawei,805111491,1115312253,1262
Huawei,638464247,1644924472,1272
Huawei,638464247,1644924475,449
Huawei,240127387,1285764956,246
Huawei,638464247,1644924474,951
Huawei,639750302,1646114499,571
Huawei,329875764,184980063,877
Huawei,501960328,276842548,757
Huawei,639750302,1646114496,145
Huawei,121937835,1150446923,879
Huawei,641314269,635204135,1126
Huawei,1174184011,2121380953,334
Huawei,641314269,635204136,364
Huawei,1262048509,2385763066,1085
Huawei,511214620,298816474,209
Huawei,643564470,641918416,412
Huawei,188227468,631142433,1074
Huawei,369929029,70802708,268
Huawei,68541658,928742866,154
Huawei,643564470,641918418,845
Huawei,821386558,1787862676,1019
Huawei,643564470,641918412,1064
Huawei,643564470,641918415,338
Huawei,1558143265,3690076049,194
Huawei,643564470,641918410,1360
Huawei,643564470,641918411,264
Huawei,501960328,276842547,393
Huawei,23324832,1016693191,1193
Huawei,645292507,647417154,290
Huawei,645292507,647417152,1485
Huawei,19272195,1022923306,1299
Huawei,645292507,647417155,837
Huawei,1439461049,3135573883,1306
Huawei,645292507,647417150,872
Huawei,149024265,740595311,337
Huawei,645292507,647417148,580
XIAOMI,665323089,505344764,370
Huawei,1307953236,2591812067,328
Huawei,295074569,1362109751,694
Huawei,1596418829,3903866357,520
Huawei,1284688048,2467943318,299
Huawei,805111491,1115312259,1223
Huawei,354087424,1424574761,636
Huawei,308796907,242938497,917
Huawei,549050483,386300773,6
Huawei,4419224385,7881022037,928
Huawei,666072104,710141540,1197
Huawei,666072104,710141541,288
Huawei,809883373,1131432209,53
Huawei,666072104,710141545,50
Huawei,666072104,710141544,891
Sony,693070332,792485100,355
Huawei,638464247,1644924476,361
Sony,693070332,792485096,251
Huawei,308796907,242938493,799
Sony,693070332,792485101,744
Huawei,696291612,1706433050,648
Huawei,638464247,1644924478,1018
Huawei,149024265,740595316,584
Huawei,1638696028,4104258357,1200
Huawei,696291612,1706433054,550
Huawei,737110146,919301353,909
HTC,714980430,568164334,417
Huawei,240127387,1285764951,223
Blackberry,717275698,571823386,1014
Huawei,1174184011,2121380957,469
Huawei,737110146,919301352,1303
Huawei,737110146,919301355,869
Huawei,737110146,919301358,1110
Huawei,737110146,919301351,1359
Huawei,1284688048,2467943319,852
Huawei,78751422,1124650868,1384
Blackberry,740679271,606970807,966
Huawei,750660278,1746638355,950
Huawei,133628214,1161119698,1081
Huawei,638464247,1644924477,189
Huawei,772183032,1761301614,731
Huawei,78751422,1124650871,1060
Huawei,1596418829,3903866363,1318
Huawei,279540091,1343151681,1211
Huawei,772183032,1761301616,185
Huawei,772183032,1761301610,863
Huawei,1644251283,4129621514,840
Huawei,796111166,1087067271,62
Huawei,149024265,740595313,1384
Huawei,313511903,230262754,173
Huawei,796111166,1087067270,1069
Huawei,796111166,1087067265,93
Huawei,796111166,1087067272,317
Huawei,308796907,242938498,461
Huawei,840923537,1796065511,1085
Huawei,556698085,1569035851,1148
Huawei,308796907,242938492,811
Huawei,796111166,1087067264,806
Huawei,1099764859,1881755006,425
Huawei,315341343,224978377,1162
Huawei,295074569,1362109748,284
Huawei,737110146,919301357,737
Huawei,805111491,1115312261,1104
Huawei,133628214,1161119702,347
Huawei,796111166,1087067266,353
Huawei,805111491,1115312256,799
Huawei,527425437,337899614,170
Huawei,805111491,1115312260,858
Huawei,1644251283,4129621513,557
Huawei,805111491,1115312255,503
Huawei,315341343,224978381,37
Huawei,188227468,631142434,327
Huawei,809883373,1131432216,1125
Huawei,1099764859,1881755009,824
Huawei,518113553,316048467,1356
Huawei,809883373,1131432215,656
Huawei,809883373,1131432210,656
Huawei,840923537,1796065513,1187
Huawei,368828981,74077234,1084
Huawei,556698085,1569035857,1141
Huawei,645292507,647417147,369
Huawei,279540091,1343151682,209
Huawei,5113352050,5869362458,534
Huawei,737110146,919301354,368
Huawei,809883373,1131432211,742
Huawei,821386558,1787862678,740
Huawei,240127387,1285764957,195
Huawei,821386558,1787862679,1293
XIAOMI,840070940,726035927,1206
Huawei,645292507,647417153,200
Huawei,1574275998,3772049606,1410
Huawei,840923537,1796065509,224
Huawei,369929029,70802711,289
Huawei,840923537,1796065510,785
Huawei,840923537,1796065518,669
Huawei,840923537,1796065515,72
Huawei,840923537,1796065512,1234
Huawei,6725642683,10390447514,1127
HTC,874299228,756006541,485
Huawei,556698085,1569035854,698
Huawei,891127874,1331865350,381
Huawei,891127874,1331865351,269
Huawei,6725642683,10390447513,451
Huawei,1215618709,2239706743,876
HTC,944419553,790673162,79
HTC,944824288,791428140,918
Huawei,354087424,1424574757,727
Huawei,821386558,1787862674,1429
Huawei,593713824,494794076,471
Huawei,947302981,1414624170,1256
Huawei,947302981,1414624171,65
Huawei,947302981,1414624168,74
Huawei,1558143265,3690076054,1012
Huawei,796111166,1087067269,918
Huawei,324746285,199423953,496
Huawei,518113553,316048469,950
Huawei,121937835,1150446921,669
Huawei,1238647852,2310994427,1123
Huawei,976473101,1514687322,667
Huawei,1439461049,3135573878,312
Huawei,976473101,1514687321,61
Blackberry,984206845,843239675,982
Blackberry,1005346443,878184021,270
XIAOMI,1009018098,882385764,663
Huawei,1028140806,1663319288,526
Huawei,1028140806,1663319290,1481
Huawei,188227468,631142438,206
Huawei,1028140806,1663319291,979
Huawei,643564470,641918419,768
Huawei,315341343,224978374,1432
Huawei,368828981,74077227,136
Huawei,45037348,975764386,208
Huawei,1063239801,1770161540,324
Huawei,518113553,316048468,1019
Huawei,1284688048,2467943317,95
Huawei,1063239801,1770161541,189
HTC,1076704131,1026190359,504
HTC,1078407839,1035958447,452
Huawei,1262048509,2385763067,662
Huawei,1085403307,1840309856,45
Huawei,511214620,298816469,1253
Huawei,1085403307,1840309855,12
Blackberry,1092382730,1059615624,1147
Huawei,1099764859,1881755008,619
HTC,1104780178,1087699644,715
Huawei,737110146,919301356,458
XIAOMI,1128952632,1148423735,387
Huawei,947302981,1414624173,686
Huawei,19272195,1022923303,479
Blackberry,1140702334,1178373862,694
Huawei,1161150539,2083333788,923
Huawei,1644251283,4129621516,458
Huawei,1161150539,2083333785,459
Huawei,1161150539,2083333784,329
Huawei,1439461049,3135573879,153
Blackberry,1164826271,1239326487,599
Huawei,1174184011,2121380950,1284
Huawei,1174184011,2121380951,626
Huawei,501960328,276842546,1365
Huawei,1180144308,2139966815,104
Huawei,1180144308,2139966808,1020
Huawei,1183984796,2149585995,1272
Huawei,840923537,1796065517,974
Huawei,1183984796,2149585991,270
Huawei,947302981,1414624169,1248
Huawei,1262048509,2385763069,275
Huawei,1183984796,2149585992,644
Huawei,805111491,1115312254,1001
Huawei,121937835,1150446922,13
Huawei,1215618709,2239706742,773
Huawei,1215618709,2239706740,1204
Huawei,1215618709,2239706744,719
Huawei,1215618709,2239706745,1495
Huawei,6725642683,10390447508,35
Huawei,1215618709,2239706741,1105
Blackberry,1216791061,1414039746,113
Huawei,369929029,70802707,1422
Huawei,1238647852,2310994428,1364
Huawei,1638696028,4104258356,958
Huawei,593713824,494794073,521
Huawei,1238647852,2310994430,943
Huawei,1238647852,2310994431,286
Samsung,1416265742,3040326862,79
HTC,1242327361,1485985287,1340
XIAOMI,1252845759,1541616462,602
Huawei,1262048509,2385763072,277
Samsung,1660935760,4211698183,1378
Huawei,1262048509,2385763071,107
Huawei,1262048509,2385763068,304
Huawei,1262048509,2385763074,3
Huawei,1262048509,2385763075,112
Motorola,1272965194,1592737356,1371
XIAOMI,1277666248,1606296555,1408
Huawei,1280728387,2453472654,561
Huawei,1280728387,2453472660,814
Huawei,324746285,199423958,412
HTC,1281036159,1631042021,838
Huawei,1284688048,2467943316,738
Huawei,1284688048,2467943321,540
Huawei,1284688048,2467943320,852
Huawei,1284688048,2467943322,708
Huawei,149024265,740595314,599
Huawei,390807976,1455340871,1416
Huawei,1238647852,2310994429,355
HTC,1290279511,1642841431,15
Huawei,1638696028,4104258353,1064
Motorola,1302710613,1686912835,1163
Huawei,1307953236,2591812065,356
Huawei,511214620,298816473,1363
Huawei,1307953236,2591812068,971
Huawei,68541658,928742867,1184
Huawei,324746285,199423954,650
BENQ,1308575463,2389420786,333
Huawei,240127387,1285764953,516
Huawei,1558143265,3690076053,1051
Huawei,1315320344,2631924264,157
Huawei,1315320344,2631924256,1193
Huawei,1307953236,2591812066,806
Huawei,1315320344,2631924258,942
Huawei,1161150539,2083333787,986
Huawei,279540091,1343151677,94
Huawei,4419224385,7881022039,176
HTC,1329503929,1748384601,1232
Huawei,511214620,298816467,483
XIAOMI,1340911708,1799420951,419
Huawei,1439461049,3135573884,973
Huawei,556698085,1569035858,266
HTC,1342616770,1794542100,631
Huawei,368828981,74077228,518
HTC,1344595438,1799744571,475
Huawei,1363821658,2839296711,228
Huawei,369929029,70802703,1044
Huawei,1363821658,2839296721,1170
Huawei,947302981,1414624167,627
Huawei,1574275998,3772049609,600
HP,1383230418,1913906801,362
Samsung,1416265742,3040326864,1022
Samsung,1416265742,3040326858,1055
Huawei,549050483,386300769,656
Huawei,1684419611,4326958237,782
Huawei,641314269,635204137,704
Huawei,1684419611,4326958249,289
Samsung,1416265742,3040326865,185
Samsung,1416265742,3040326860,132
Samsung,1416265742,3040326861,1189
HTC,1432351713,2034050231,873
Huawei,1439461049,3135573880,1368
Huawei,1439461049,3135573882,86
Huawei,821386558,1787862677,580
Huawei,556698085,1569035846,1330
Huawei,1215618709,2239706746,897
Huawei,1439461049,3135573881,493
Huawei,1439461049,3135573885,649
VIVO,1476218760,2155002193,1065
Huawei,355312354,1426211271,692
HP,1483106911,2172848131,541
HTC,1509451367,2230854170,1490
Huawei,666072104,710141542,184
Huawei,641314269,635204138,1160
Huawei,809883373,1131432218,912
Blackberry,1533271143,2288993824,102
XIAOMI,1551974211,2322974181,637
BENQ,1555635056,2336843329,233
Huawei,133628214,1161119701,444
Huawei,1558143265,3690076055,56
Huawei,501960328,276842549,323
Huawei,1558143265,3690076050,1236
Huawei,1558143265,3690076051,465
BENQ,1568718402,2363987850,297
Huawei,1574275998,3772049610,453
Huawei,1574275998,3772049604,1171
Huawei,1215618709,2239706738,1093
Huawei,1174184011,2121380949,881
Huawei,1574275998,3772049608,913
Huawei,1574275998,3772049605,990
Samsung,1416265742,3040326866,1241
BENQ,1583397309,2413532977,1334
HTC,1594011835,2449071636,2
Samsung,1416265742,3040326863,333
Samsung,1416265742,3040326859,1168
Huawei,1596418829,3903866361,1496
Huawei,1596418829,3903866358,650
Samsung,1660935760,4211698186,580
Samsung,1660935760,4211698189,479
Samsung,1660935760,4211698187,1161
HTC,1637804158,2573039855,1286
Blackberry,1638499992,2585295833,1397
Huawei,1638696028,4104258350,567
Huawei,1638696028,4104258351,953
VIVO,2157334568,4018060884,886
VIVO,6900743973,11056603719,207
VIVO,1982099523,3484342643,98
VIVO,2373828776,4853299306,1123
VIVO,2712773479,6450417920,784
VIVO,5697876395,9282929773,1127
VIVO,2819802345,7052572740,1334
Huawei,1638696028,4104258355,137
VIVO,3903498266,12315709774,411
Huawei,1638696028,4104258352,254
VIVO,1500834098,2217943243,1047
VIVO,5903463460,9100647587,1158
VIVO,2447817542,5132213406,1364
VIVO,7903218738,12360061966,931
VIVO,1972715593,3453176968,274
VIVO,2052563809,3679402948,1216
VIVO,4897312695,8903845977,1272
VIVO,2726619356,6545049912,1012
VIVO,2800130952,6933872930,970
VIVO,2409416549,4965177483,92
VIVO,2084422226,3783220566,351
VIVO,4105383067,11751131875,12
Huawei,1638696028,4104258354,255
XIAOMI,6197687726,8652255646,3
Huawei,1644251283,4129621518,1451
XIAOMI,2663720804,6218807498,509
Huawei,1644251283,4129621515,489
XIAOMI,2855179241,7216450954,765
XIAOMI,5607484509,12323068865,251
XIAOMI,4994681745,7927229153,609
Blackberry,1649912914,2617511463,1417
XIAOMI,6599742343,9548727453,92
XIAOMI,1506203762,2222931792,892
XIAOMI,2157871632,4031789544,1401
XIAOMI,2341294768,4723229398,783
XIAOMI,5214595040,13422549293,70
XIAOMI,6104963369,10616851661,713
XIAOMI,4305537638,10561349652,1372
XIAOMI,6408293513,12877423970,56
XIAOMI,6992069132,7697847467,658
HTC,1434951489,2033569553,523
HTC,2548172240,5611866210,80
BENQ,1652067295,2624267734,1151
HTC,2117084128,3886754925,982
HTC,2406659093,4975015652,9
HTC,4102686183,9824333111,272
HTC,3206910977,10108941953,1087
HTC,5796545935,9392969607,1054
HTC,6505201480,11858372587,1369
HTC,4205086460,11809617933,379
Motorola,1659361135,2636115471,268
HTC,2099412756,3834667165,594
HTC,1661130178,2644303658,1335
HTC,2800329477,6934738195,254
Samsung,1660935760,4211698188,486
HTC,2783536286,6861590291,468
HTC,2822056513,7056884298,752
Samsung,1660935760,4211698190,1185
HTC,5592035452,7821607281,76
HTC,5903898423,11057047524,492
HTC,2778021917,6828357082,227
HTC,2826050264,7063860597,929
HTC,2748990849,6696766655,630
HTC,3310437894,12082361788,1189
HTC,3705939004,13257272693,132
HTC,1694171083,2740140641,78
HTC,2427210770,5045121081,391
HTC,3406048274,11467661785,715
Samsung,1660935760,4211698191,409
Samsung,1660935760,4211698185,226
HTC,2759024365,6733853491,1083
HTC,5604839928,11115705957,449
HTC,6503342772,11683554872,828
Samsung,1660935760,4211698184,1112
HTC,2856612320,7254618701,1291
HTC,3304259214,11817088548,306
HTC,4499385646,8916922957,247
HTC,5002145888,10205348990,395
HTC,5996610506,9800586612,1075
HTC,7412557651,13192671531,310
Huawei,1664606890,4228149858,1346
HTC,2787280880,6899329844,808
Nokia,4096656558,9580398502,1187
Nokia,3910806804,11934727699,996
Nokia,4400264172,9891936845,1401
Nokia,6097963531,7613914166,1464
Nokia,7903464860,11252800524,629
Nokia,2623935261,6002646293,776
Nokia,2789562676,6900253759,705
Nokia,4903164815,10237787350,136
Nokia,4502937557,11933300429,1129
BENQ,1676106753,2686060669,1483
Nokia,6999728824,10232656865,1292
Nokia,7105006704,9394713228,853
Nokia,1796628649,3039216678,628
Nokia,2484634919,5293915183,1461
Nokia,2577013741,5798759074,1366
Nokia,4507748889,12193978842,389
Nokia,4806393576,11068893845,261
Huawei,1684419611,4326958245,929
Nokia,1946822960,3370378631,177
Nokia,1977237341,3473355672,880
Huawei,1684419611,4326958241,321
Nokia,3499254634,9337307428,900
Nokia,3704864668,9382846571,1099
Nokia,3410344823,13008032480,1038
Huawei,1684755706,4328901885,1070
Nokia,2757267850,6707932951,159
Nokia,3123981800,13019981823,693
Nokia,2567010910,5738104597,825
Nokia,3812612122,12196549326,386
Huawei,1684755706,4328901875,1240
Nokia,6007500979,12498328415,69
Huawei,1684755706,4328901881,1389
Huawei,1713633421,4476713816,632
Nokia,2873195485,7328402307,209
Nokia,3899138719,10683095309,1174
Nokia,2771364159,6778258493,1486
Nokia,2769579260,6792006605,397
Nokia,4402800255,9443108156,655
Nokia,6911773922,12873102320,664
Huawei,1713633421,4476713814,1387
Nokia,5711281426,11692392139,1292
HTC,5805040140,10107258308,1255
HTC,1432435016,2031050767,788
HTC,2687408700,6312472782,981
HTC,2396897291,4931845052,1152
HTC,2462876649,5199302282,1243
Huawei,1716439989,4491713552,265
HTC,5710668356,13261159069,234
HTC,4098238364,7651636081,43
HTC,4700719854,8941437416,1431
HTC,6896611968,7717220847,1385
HTC,2112754445,3883290689,598
HTC,2424872430,5032481690,447
HTC,2423467024,5043946933,496
HTC,2436629155,5077300704,1083
HTC,4195728697,8490141077,871
HTC,3115784934,11172692652,643
HTC,4303116094,9527768435,21
HTC,6500107344,9232478188,813
Huawei,1716439989,4491713556,1152
Nokia,2547772970,5626443745,937
Nokia,3297608412,9078010827,225
Huawei,1716439989,4491713555,1255
Nokia,5602081274,11710224049,200
Nokia,7906359577,12607644665,1224
Nokia,5802322969,9324467504,273
Nokia,6707272286,13271786707,965
Nokia,2284384051,4436521993,1242
Nokia,2439640309,5096113379,1440
Nokia,2143441993,3977168630,934
Nokia,2772213022,6793347196,764
Nokia,2285063872,4452584845,850
Nokia,2581416723,5828431490,1491
Nokia,2710504894,6442628650,659
Nokia,4204473738,9325687763,696
Nokia,5196816059,9820152887,1418
Nokia,5809807441,11820863165,498
HTC,1783549582,3009201528,1319
Nokia,1649366874,2599739004,923
Blackberry,1785815119,3001205437,509
Nokia,1729905004,2847406559,124
Nokia,2601473614,5892984798,1494
Huawei,1798659672,4947814158,165
Nokia,2865426631,7290613132,1287
Huawei,1798659672,4947814155,82
Blackberry,1805539966,3058959853,193
Nokia,4395780873,9003771450,666
Nokia,6903000338,11609892023,4
Nokia,7809568518,12883252567,344
Nokia,1679960200,2709636859,857
Nokia,1979601351,3477791663,603
Nokia,2190547793,4121471949,24
Nokia,2346992078,4751390683,194
Nokia,2282343820,4441090606,1034
Nokia,2382848847,4868106883,1474
Nokia,2604851667,5933757912,10
Blackberry,1818804072,3101420518,304
Nokia,3101076253,7569909089,1451
Nokia,1459756592,2115640934,1405
Nokia,1981862104,3478170610,1499
Nokia,2390540221,4888857063,1379
Huawei,1820776454,5067759570,326
Nokia,2821020826,7058814701,1285
Nokia,4105309790,9774251279,1156
Nokia,3704586050,11635587129,765
Nokia,4996745015,8303544512,383
Huawei,1820776454,5067759568,1352
Nokia,5803910803,10623445160,1452
Nokia,5706533587,12968814719,625
Nokia,7194162776,8578600327,543
Nokia,7306391163,12383946977,522
Nokia,1469328063,2132772555,669
Nokia,2276464222,4420681452,588
Nokia,2298048701,4522640026,196
Nokia,2835378961,7135047296,2
Nokia,2819793070,7068029381,1421
Nokia,2861507458,7247291482,6
Nokia,4305228800,11930994904,604
Huawei,1829803124,5111159936,564
XIAOMI,1875387957,3229239081,627
Motorola,1898132060,3250179976,189
Huawei,1907949678,5516461381,1394
Nokia,7900255010,9767761391,78
Nokia,1507765410,2232320723,243
Nokia,2107575442,3857692254,165
Nokia,2287677300,4456955863,706
Nokia,2732773800,6552853969,634
Nokia,3107897547,9722467954,786
Huawei,1907949678,5516461376,598
Nokia,7513394628,12524162250,1404
Nokia,7613266470,13144944771,70
Nokia,612093976,453546760,1070
Nokia,169202775,9957083430,1339
Nokia,1898880017,3250088959,1208
Nokia,2512344282,5412754545,548
Nokia,2855521381,7214890031,254
Huawei,1908776035,5521636721,1468
Nokia,4412288625,12645301909,1275
Nokia,4895299128,7925540964,1107
Nokia,4599521925,8234939277,1301
Nokia,4710997710,12311645728,442
Nokia,5508566625,12969693779,365
Nokia,6091794527,8091780397,720
Nokia,1428825301,2027448220,802
Nokia,2444791335,5128828179,715
Nokia,5305164979,11868824741,1132
Huawei,1908776035,5521636725,920
Nokia,2043306288,3661038254,563
Blackberry,1923262626,3298990856,1161
Nokia,3207573837,11689641372,617
HTC,1948587857,3385339695,1442
Nokia,1580689978,2394907788,519
Nokia,2801124978,6944701521,935
Nokia,1795188434,3036326602,530
Blackberry,1964224761,3427455890,87
Ericsson,1970861953,3454053061,469
Nokia,3890742667,7633691306,55
Nokia,1491220598,2195205608,567
Nokia,2661781114,6200855094,59
VIVO,1976122101,3468144435,645
Nokia,5199604530,7804309397,303
Nokia,2677194601,6290696717,1213
Nokia,7901179672,8366016538,701
Nokia,1656382666,2627542658,984
Nokia,2284328544,4467478510,980
Nokia,2521195310,5476168963,467
Nokia,1334505874,1772767264,138
Nokia,7700358187,8430803396,493
Nokia,6311830715,13196380088,989
XIAOMI,1980542956,3482577906,569
Nokia,1337818998,1785951664,1425
Nokia,1474550730,2149337410,1210
Nokia,2119264865,3888634313,103
Nokia,2119788141,3892640901,176
Nokia,2106480768,3862306630,687
Nokia,2387367637,4884528157,499
Nokia,1311841576,1707682602,77
Nokia,1994261536,3506859808,987
Nokia,1902325717,3254629599,1111
Nokia,2140340643,3960298644,375
Nokia,2383533384,4882130573,642
Nokia,2509914423,5403134670,265
Nokia,1392239801,1922016709,1297
Blackberry,1988054686,3498082261,821
Nokia,2296529355,4511776299,337
Nokia,1465310652,2123672994,462
Nokia,1569794042,2379855538,1354
Nokia,2870684102,7331833053,270
Nokia,3403645437,9102648018,672
HP,1599108084,2453850842,807
HP,3806201653,13228358737,897
HP,2445466012,5144149722,716
HP,1393317562,1933039997,1166
HP,4606478102,13192594901,805
HP,7299090380,7981580497,1290
HTC,1988965700,3506419010,117
HP,2101095667,3832540437,643
HP,2770436082,6775005204,1482
HP,1334778839,1763981948,1269
HTC,1994803813,3511590210,1218
HP,7200981531,9450172843,908
HP,1567262402,2364884746,845
BENQ,2006399455,3552202243,416
VIVO,2008645233,3555936308,1419
HP,1114748338,1112322289,1199
HP,1421847483,2011171187,703
HP,1529087837,2275877759,1034
HP,1222317373,1433336264,1099
HP,2765927867,6761586367,808
HP,2772853438,6821269627,470
HP,2833359062,7125179189,412
HP,2752315113,6705244701,721
HP,2897430698,7443811826,1435
HP,5196009616,7883742457,1036
Motorola,1463734989,2111708308,112
Motorola,1477940323,2154030459,1416
BENQ,2009720522,3564177341,1128
Motorola,2256410903,4318132191,937
Motorola,2713084160,6447771587,475
Motorola,3399517241,7901581392,32
Motorola,3802747556,10489220166,469
Motorola,1365640997,1861449857,209
Motorola,1187576794,1319964700,570
Motorola,5506658943,12131328296,1224
Motorola,2014083650,3564981086,65
Motorola,1975862585,3462140500,1179
Motorola,2258977921,4332410886,1128
Motorola,2579359374,5794952072,814
Motorola,1634914030,2556825101,319
Motorola,2748761779,6694399668,689
Motorola,2066284363,3734770724,1041
Motorola,2279062597,4408438968,76
Motorola,2498067920,5367405416,1201
Motorola,2764538108,6769984785,682
XIAOMI,2014661727,3565506124,942
Blackberry,2018977858,3587152242,1404
Motorola,2661257073,6180745235,152
Motorola,2080886382,3781633975,684
Motorola,2204057205,4158371773,705
Motorola,4106798771,12917223509,1157
ASUS,2045925408,3662659338,1453
XIAOMI,2069253680,3732086172,1407
Motorola,83901995,64397180,64
Motorola,1519633017,2252565853,1333
Motorola,1238427669,1469931388,778
Motorola,2276357935,4404866343,1360
Motorola,2361037209,4788232342,1105
Motorola,2688752719,6337980311,844
Motorola,5403632236,12463150337,321
HTC,2089826461,3801122864,1027
Motorola,2081861835,3786750066,953
Nokia,2090676551,3804215221,634
Motorola,5204353025,10779630838,782
Motorola,2691813431,6370577185,1454
Motorola,2452746204,5170021068,1052
Motorola,3496140067,7584194816,1388
Motorola,2102130050,3834229444,13
BENQ,2103691906,3851396816,751
Motorola,2229739094,4236687751,1088
BENQ,2111393908,3869676976,910
Motorola,2817417068,7017583515,597
HP,2117408796,3901600287,589
Motorola,2423960052,5024862272,964
Motorola,1272892621,1601745905,113
Motorola,2330159436,4660991642,207
Motorola,3110120002,7580119929,704
Motorola,1871626877,3224266732,98
XIAOMI,2125931522,3928412739,109
XIAOMI,2182716029,4097615287,350
XIAOMI,1465983076,2128716003,842
XIAOMI,1664059607,2642977902,1119
XIAOMI,3407651547,11813924522,1335
XIAOMI,6896161292,8115776964,939
XIAOMI,4802606429,8964061950,787
XIAOMI,1445243764,2076076938,1123
XIAOMI,2153789150,4002089546,929
XIAOMI,1506034451,2220936980,484
XIAOMI,5003327253,8886467558,78
XIAOMI,1332970475,1761797953,1232
XIAOMI,1635085648,2562972754,1374
XIAOMI,2271045537,4381090763,64
XIAOMI,2133466642,3949411660,892
XIAOMI,1671304994,2681073800,258
XIAOMI,2687580629,6337208519,376
XIAOMI,5705838877,12479084537,542
XIAOMI,6204020258,12290167981,738
XIAOMI,575848240,433848000,1306
XIAOMI,2681735765,6306673441,953
XIAOMI,2800434256,6949241509,1282
XIAOMI,2859542980,7252152085,1485
BENQ,2174711889,4068769978,1235
XIAOMI,2663927943,6200708513,720
XIAOMI,2826932618,7073756354,6
XIAOMI,2813583210,7013360753,935
XIAOMI,7404930391,9895759069,550
XIAOMI,4402419347,9819427225,434
BENQ,2184756055,4100544712,706
XIAOMI,2012871965,3570963628,1144
XIAOMI,2178600209,4072291265,1467
XIAOMI,2631801914,6057243128,1042
XIAOMI,2769963224,6778961164,1309
XIAOMI,3798747862,8880739119,1239
XIAOMI,1603766490,2461102589,1212
XIAOMI,840073941,725479708,663
XIAOMI,2308061316,4593327153,1359
HTC,2218102849,4206683980,283
XIAOMI,604048781,448400234,675
XIAOMI,2541719972,5595500213,751
BENQ,2241023441,4269513043,466
XIAOMI,1485132734,2174428886,169
XIAOMI,2024567156,3608375643,346
XIAOMI,3298140690,8953509621,631
XIAOMI,5810621625,12867321628,896
XIAOMI,7503142912,10259353014,924
Nokia,2243952542,4282418393,819
XIAOMI,1391826346,1923884057,364
Nokia,2250945393,4296330018,219
XIAOMI,2261254856,4346973100,585
XIAOMI,7900076482,9816119495,614
XIAOMI,1926825871,3295530097,865
XIAOMI,6605562851,11300054822,592
XIAOMI,1933064413,3310113229,1364
XIAOMI,2172983112,4055156306,1212
Nokia,2286322132,4475874548,541
XIAOMI,2225775104,4217128988,1256
XIAOMI,4698076218,8365028084,362
XIAOMI,2614934173,5976999075,1345
Motorola,2286381248,4470842625,594
XIAOMI,6009109787,12253136490,1282
XIAOMI,3206220963,12885932965,1318
XIAOMI,1533303954,2283740901,1288
XIAOMI,2349728912,4751110377,95
XIAOMI,2305346513,4573657902,475
XIAOMI,1146215565,1184093195,475
XIAOMI,2771457047,6780457412,1300
XIAOMI,6100613475,10145955342,1449
XIAOMI,1976100353,3452716970,68
XIAOMI,2468630954,5247959297,1467
XIAOMI,2821227678,7066018013,461
XIAOMI,2620460863,6003761732,928
XIAOMI,1092216574,1061525447,96
Blackberry,2316577796,4601197310,1411
XIAOMI,2331041976,4664729769,984
XIAOMI,4297522272,8417181536,1281
XIAOMI,1981746330,3468194990,908
XIAOMI,1988119298,3493933093,1097
XIAOMI,2106649568,3863252237,340
XIAOMI,3599728559,9957433171,232
XIAOMI,2555875566,5657674674,1006
XIAOMI,2167669392,4055675040,832
XIAOMI,6900495379,10704959035,878
Nokia,2332568546,4667523701,1474
XIAOMI,2471018317,5257993295,1497
XIAOMI,3404289002,10770386892,363
XIAOMI,7711010304,11996647784,716
XIAOMI,4801778895,11745738227,437
ASUS,2349410789,4742006580,264
XIAOMI,2484865663,5321427228,788
XIAOMI,6095084019,7738859610,1372
XIAOMI,1389285071,1925667129,125
XIAOMI,1895340387,3245631720,1247
XIAOMI,2645165881,6127109916,1121
XIAOMI,1581163175,2412353592,883
XIAOMI,4092899448,8012964457,1088
XIAOMI,5510676989,12618415898,214
XIAOMI,6101724811,10501634617,232
XIAOMI,1871240560,3225091672,2
XIAOMI,1449148234,2077581408,503
XIAOMI,2199721851,4149407911,1115
XIAOMI,4008923913,12026232354,185
XIAOMI,2058731346,3708153181,203
XIAOMI,2050773719,3682040453,1157
XIAOMI,2312162374,4588013129,82
XIAOMI,1367042807,1871988057,601
BENQ,2353805872,4754061141,121
XIAOMI,3499729426,9154989158,518
XIAOMI,1564294470,2354726501,313
XIAOMI,2120139054,3893963229,153
XIAOMI,1288238026,1648576165,484
XIAOMI,2358751334,4790366565,945
XIAOMI,6497364406,9050771031,1383
XIAOMI,1656885918,2622074808,1495
XIAOMI,2879917644,7378878575,1295
XIAOMI,5503032971,10709797068,1368
XIAOMI,1869832206,3223833728,155
XIAOMI,2198667436,4134382248,520
XIAOMI,2647992239,6144482139,259
XIAOMI,1234937959,1466572956,1037
XIAOMI,7001825720,8657642914,545
XIAOMI,1514619415,2241698487,491
XIAOMI,2326745089,4663419856,167
XIAOMI,2295970929,4530011362,117
XIAOMI,7303166557,9499048866,1165
XIAOMI,2692565814,6338888016,701
XIAOMI,1180700388,1289141170,226
XIAOMI,2783864767,6882088024,762
XIAOMI,2618058834,6001479996,1266
XIAOMI,3202590147,8577652715,313
XIAOMI,1349395915,1823785853,1045
XIAOMI,2832021787,7123202510,329
XIAOMI,5608673595,12732521661,556
ASUS,2374824788,4856060992,185
XIAOMI,1904555164,3258544334,393
XIAOMI,1207310940,1373449266,532
XIAOMI,3794475605,8580727827,269
XIAOMI,5192182452,7847642593,1145
XIAOMI,1272571833,1598950925,562
Nokia,2379596219,4864847495,1127
XIAOMI,1979616296,3469571434,229
XIAOMI,1306214187,1702165287,14
XIAOMI,1855501530,3193581111,203
XIAOMI,2162219271,4026809610,1210
XIAOMI,2639803011,6091316735,498
XIAOMI,2775912265,6801286342,745
XIAOMI,1369359722,1878531606,645
XIAOMI,2385378449,4886389619,1356
XIAOMI,1162962390,1231400744,784
XIAOMI,2383294830,4863662178,1397
HTC,2429365016,5068038884,1434
XIAOMI,4103988743,10630577721,1433
XIAOMI,693366006,539571752,403
BENQ,2446285437,5146198800,1435
XIAOMI,1762570367,2943543362,671
BENQ,2447340929,5140516772,558
XIAOMI,7598191043,9574854627,717
XIAOMI,1555974297,2337042067,1457
XIAOMI,2123336390,3911528908,515
VIVO,2447505863,5150025681,367
XIAOMI,2907136145,7516030377,1288
XIAOMI,1996554130,3517488136,9
XIAOMI,2707272446,6454676853,1395
XIAOMI,5306195829,11947356305,430
XIAOMI,2454164139,5181939290,1348
XIAOMI,2280022945,4429687470,341
XIAOMI,2420287029,5025489335,171
XIAOMI,2694573011,6368708435,1016
XIAOMI,6098861430,9382523857,608
XIAOMI,1598387641,2455738234,1040
HTC,2467569501,5228644659,520
XIAOMI,1299124843,1678144885,200
XIAOMI,2904708155,7480221687,192
XIAOMI,1871491734,3224170059,762
XIAOMI,1579280711,2399078074,1487
XIAOMI,1792922741,3019306092,1061
XIAOMI,2118038997,3889915937,1463
XIAOMI,3114382085,8677969668,36
XIAOMI,6606050352,13136646565,95
BENQ,2472783999,5235311810,293
XIAOMI,2712270085,6454934848,987
XIAOMI,2725482453,6545522313,259
XIAOMI,3301745824,10333943386,193
XIAOMI,299101438,199272878,1062
XIAOMI,1989245785,3497623494,1368
XIAOMI,2482979809,5293520466,1447
XIAOMI,1287342446,1646266718,1189
XIAOMI,2054099366,3703592149,10
XIAOMI,1085183367,1045709368,271
XIAOMI,2313147645,4590412304,736
XIAOMI,2032047125,3626880122,672
XIAOMI,3596808103,8893757250,342
XIAOMI,2706713928,6449664739,221
XIAOMI,2161795411,4024491443,493
XIAOMI,5702075357,9950832136,1000
XIAOMI,1352439664,1818681185,630
XIAOMI,312056635,213904858,25
XIAOMI,2379171083,4867377879,1069
XIAOMI,1634134498,2566705027,206
Nokia,2486576823,5328601203,1421
XIAOMI,7904960302,9464298332,795
XIAOMI,1115363824,1113055888,656
Blackberry,2491945825,5320536327,1019
XIAOMI,2885240294,7395163298,429
XIAOMI,3702476867,11123323172,110
XIAOMI,2889657644,7404360186,964
XIAOMI,2706058405,6439973522,959
XIAOMI,2496600802,5365705425,1309
XIAOMI,2805683024,6980596312,868
XIAOMI,5297415099,8056588057,1187
XIAOMI,262493393,169054806,551
XIAOMI,2314319037,4621975343,784
Huawei,2515466483,6487709180,1350
XIAOMI,2100339104,3838447651,353
XIAOMI,2606936585,5947154100,608
XIAOMI,2885695508,7400317993,172
XIAOMI,1515045854,2243246685,183
XIAOMI,1687717234,2726373556,728
XIAOMI,1892881326,3243205025,67
XIAOMI,1345986683,1804405886,1464
Huawei,2515466483,6487709176,367
XIAOMI,1394964051,1935788754,993
XIAOMI,1552793160,2335460287,675
HTC,2101507173,3831017639,1306
HTC,3598131385,8112980289,1143
Huawei,2515466483,6487709181,1225
HTC,2732219500,6552822805,521
HTC,6299592206,8437223294,14
HTC,1286047880,1639736736,707
HTC,1197634958,1337111894,40
HTC,1515040201,2247806029,1358
HTC,2679405819,6301392863,1468
HTC,7804512176,9825191587,1022
HTC,2517714169,5448987759,6
HTC,5295979598,8145995832,1078
HTC,1252218972,1542599635,1265
HTC,1727166763,2838040033,874
HTC,2297495315,4530091037,1184
HTC,271515464,177803262,1115
HTC,1449969986,2079400635,174
Nokia,2576135694,5779240337,654
HTC,2578182485,5794745929,436
HTC,1872802107,3226635808,1224
HTC,2068934977,3743551059,348
BENQ,2587664710,5833745605,1132
HTC,2589317373,5849331555,482
HTC,1495692574,2199646280,85
HTC,1974982837,3467483991,709
HTC,2106134415,3862267913,793
HTC,2171050953,4059561041,1069
HTC,1514719632,2239298679,215
HTC,2600680617,5896100255,1244
VIVO,2606967091,5935847256,726
HTC,4396117958,8660654230,776
HTC,7504937676,11618788793,226
XIAOMI,2614143407,5967867254,1173
HTC,1514400369,2238642672,1269
BENQ,2628299579,6046451018,1335
HTC,4505563339,12527329079,831
BENQ,2647673641,6125401418,1151
HTC,3116113953,11601474042,352
HTC,2642177031,6109968367,81
HTC,2687333768,6331955461,1305
HTC,2820697432,7063508743,332
HTC,2094798801,3810347132,47
HTC,2665355078,6196495297,1447
BENQ,2658691882,6200137370,924
HTC,1378435029,1887567764,160
HTC,2624132406,6008143878,74
HTC,4999488779,8876846495,860
HTC,1508528995,2227823724,700
HTC,1663168602,2641086741,789
HTC,3103361478,7545740960,55
HTC,1409931743,1967206169,296
HTC,2457861401,5181161615,973
HTC,2728149793,6544537392,889
HTC,1415291150,1985844852,202
BENQ,2659980808,6201827665,435
HTC,7907706654,10574771401,614
HTC,1330397501,1759097090,437
HTC,5710201452,12226332092,1161
HTC,7498600997,7813903474,350
HTC,2287172261,4451825971,1221
HTC,2469475742,5221670269,647
HTC,2866492759,7305713346,1006
Ericsson,2666575475,6208396862,1374
XIAOMI,2668545226,6224942767,178
HTC,2722892166,6497611102,869
HTC,514203731,1345385861,406
HTC,960222773,808641747,111
BENQ,2676853937,6280398495,684
HTC,2677019968,6262761187,524
HTC,1350088207,1816884409,222
HTC,1491001506,2189782271,1308
HTC,1564365764,2363559002,608
HTC,1589754314,2421550567,925
HTC,1598054811,2456565754,630
HTC,1646775323,2608506769,1125
HTC,1761740049,2935771045,1468
HTC,2011309723,3558658893,301
HTC,7006813190,9951053610,150
HTC,283657794,186906002,1217
XIAOMI,2680572961,6308954994,946
HTC,786018306,664964770,1211
HTC,889441256,764838037,440
HTC,1030594743,926194215,517
Blackberry,2681429517,6309834058,187
HTC,1327411807,1758340004,57
HTC,1489822739,2191915087,654
HTC,1541337153,2307697264,1096
HTC,1599963787,2464479487,1205
HTC,1606378509,2478065922,374
HTC,2023086699,3598491477,1438
HTC,2048191651,3681700104,1160
HTC,2269855450,4388410190,386
HTC,2823799896,7087692509,167
HTC,4296645498,7969650659,362
HTC,417601002,319758418,875
Nokia,2682619767,6295881147,245
HTC,2686797966,6339523124,859
BENQ,2691561954,6348747934,1365
HTC,1116796369,1117360937,811
HTC,1154608905,1217705126,1463
HTC,2692496112,6370777045,15
HTC,1305810123,1695919132,875
HTC,1431819440,2030794491,446
HTC,1459726816,2110587061,407
HTC,1733444640,2856072366,521
HTC,1975927552,3458637674,602
HTC,2192074666,4120658481,179
HTC,5812954529,13006121669,1013
HTC,153191542,105548568,1046
XIAOMI,2694094991,6347194046,276
Ericsson,2707101962,6414335088,776
HTC,682692164,528473709,393
HTC,2874073343,7345272412,1082
HTC,871372888,752858511,1204
HTC,1092668856,1064538201,950
HTC,1301298789,1683752698,871
HTC,1365308478,1859798486,256
ASUS,2708669306,6436034023,373
HTC,1526657962,2268557981,587
HTC,1563665131,2362813381,1186
HTC,1663187445,2659469110,1261
HTC,2711910034,6459195088,1380
HTC,1831238359,3145084473,1136
HTC,2305076893,4560462024,551
HTC,2375873177,4852082850,446
HTC,2492233016,5341032588,281
HTC,3399323087,8556577846,559
Nokia,2722107030,6523975690,558
HTC,210870621,133138851,632
Nokia,2722707817,6515757146,1075
HTC,403110388,306198435,342
HTC,500997962,392812746,1397
HTC,753688392,627362862,831
HTC,2726665260,6520293785,610
HTC,1022475922,914414283,233
XIAOMI,2748202161,6696523147,64
HTC,1112610753,1113330414,971
HTC,1127516649,1138764503,1208
HTC,1142084540,1181040556,589
HTC,1255692531,1540977642,502
HTC,1376334503,1888876971,1361
XIAOMI,2756744837,6704519692,786
HTC,6398319646,8105132035,1257
HTC,1835178080,3140420412,600
Motorola,2764156719,6758942324,49
HTC,2044253802,3651863029,660
BENQ,2770793162,6809987856,363
HTC,2774020918,6815008303,1385
HTC,405023095,308162005,1404
HTC,421444544,323577604,1341
HTC,477807592,373578980,491
HTC,863275954,746046471,570
XIAOMI,2780810941,6829175472,81
HTC,1211706470,1381746156,1460
HTC,1260053861,1560032620,1337
HTC,1367000553,1857413667,108
HTC,1597205837,2454281002,1098
HTC,1608099461,2480459573,1031
HTC,1606775044,2488160691,317
HTC,2864649165,7291551325,1356
HTC,3309455663,13064992299,750
HTC,2361267555,4788563277,998
HTC,2551763006,5657489390,704
XIAOMI,2781742055,6853756702,251
HTC,2688654869,6342451505,1057
HTC,2892534498,7433111029,1090
Nokia,2784778888,6887647499,1153
HTC,1352075057,1819438931,1401
HTC,1505295094,2219698865,1391
HTC,1941449941,3351529738,650
HTC,2039960408,3647139560,992
HTC,298717419,198606633,545
HTC,2675915405,6261935287,844
HTC,977015366,831692197,1256
HTC,1010231864,889998573,1302
HTC,1175645737,1284850801,983
Nokia,2786153064,6886544252,1478
Blackberry,2769171912,6793975993,576
Nokia,2787006303,6900976126,182
Blackberry,1573360564,2377259513,807
XIAOMI,2787532461,6898274263,686
Blackberry,1726341439,2840675560,985
Blackberry,1734080563,2851925403,469
Blackberry,1840670094,3168021427,1412
XIAOMI,2791468144,6889102190,821
Ericsson,2805746876,6963716851,400
Blackberry,3497654909,8165108340,701
Blackberry,6714682674,13162087741,330
Blackberry,5593512053,8042175980,670
Blackberry,731098191,594670079,29
Blackberry,796993422,680603377,139
Blackberry,990904180,851141726,1173
Blackberry,1086639055,1049866457,811
Blackberry,1141059322,1180039200,1023
Blackberry,2810826272,7004791774,1388
Blackberry,1231821465,1453542811,118
Blackberry,1249957849,1523268224,419
Blackberry,1255436396,1545610978,826
Blackberry,1275088842,1613596997,1062
Blackberry,1296487544,1660772267,213
Blackberry,1582252989,2406065984,980
Blackberry,1678356599,2697094489,1364
Blackberry,1697325610,2752956494,1489
Blackberry,1757659910,2925221065,690
Blackberry,1809871146,3082322908,904
Blackberry,1811844075,3088611231,1377
Blackberry,2026783201,3603788974,1390
Blackberry,2161872371,4034076008,860
Blackberry,2232782142,4250579790,522
Blackberry,400119796,304822619,149
VIVO,2813030029,6998741154,153
Ericsson,2833873279,7124219159,187
BENQ,2834470226,7108405055,1493
Blackberry,2344515371,4725387172,958
Blackberry,2842097610,7174796596,1406
Blackberry,1156244690,1216637003,1064
BENQ,2862344308,7273416546,804
Blackberry,1249080849,1532498067,1258
Blackberry,2477058717,5263225430,51
Blackberry,1597577881,2441977933,665
XIAOMI,2864630015,7297837215,213
BENQ,2869197297,7312866513,251
BENQ,2887567091,7419093017,371
Blackberry,2646666180,6107003486,1262
XIAOMI,2897198446,7440713841,576
Blackberry,2291306865,4493016215,789
Blackberry,3210647035,11644913891,1229
Blackberry,7003784870,11637700175,594
Nokia,2909330012,7516003463,143
Blackberry,816670727,700649759,662
Blackberry,959419645,807124633,1139
Blackberry,993113188,860052057,948
Blackberry,1082625618,1044107413,1104
Huawei,3023907493,9719258615,1167
Blackberry,6209459890,12373978992,316
Blackberry,1474195975,2155349705,1025
Blackberry,1548146989,2324211261,1440
Blackberry,1559674375,2351044422,870
Huawei,3023907493,9719258608,111
Blackberry,7091120470,7645231722,576
BENQ,3205921542,12544601253,1079
BENQ,3206096744,11669499937,481
Blackberry,1981779188,3470165454,718
Blackberry,298179256,197946789,2
Blackberry,569072517,427339815,1127
Blackberry,867905666,751738419,1171
Blackberry,887750729,766017333,1412
Nokia,3212225489,12447490638,874
Blackberry,1074008766,1026314188,969
Blackberry,1376432086,1893041465,1096
XIAOMI,3213567531,13071327559,1366
Blackberry,1941281311,3357811816,1119
Blackberry,2020332514,3577989838,313
Blackberry,2096405008,3827930051,1373
VIVO,3300314429,10932227420,919
Blackberry,2580854680,5819686462,1388
Nokia,3301195633,10643164548,1221
Blackberry,2846721231,7200905509,52
Blackberry,376256743,281439998,522
Blackberry,3311367614,11928821402,131
Blackberry,825098151,709165905,674
Blackberry,1006979773,879028882,439
Blackberry,1073784713,1018262703,1324
Blackberry,1221253058,1418338144,87
Blackberry,1419497431,1991620359,1330
Blackberry,1491468288,2193572712,762
Blackberry,1635178008,2561352615,188
Blackberry,1636771724,2569738944,668
Blackberry,1727172901,2829168781,256
Blackberry,1928801758,3300473471,999
Blackberry,1970712612,3444999436,1007
Blackberry,2035242477,3632113351,510
Blackberry,2095558267,3825688670,768
Blackberry,4299700554,10342875115,154
XIAOMI,3396249801,8592276828,380
Blackberry,6108499646,11792887857,757
BENQ,3508750314,11500467270,256
Blackberry,5704641941,12617740918,1088
Blackberry,6411941034,12199302475,394
Blackberry,2005159747,3540704403,255
Blackberry,2283261167,6312089872,619
Blackberry,2363726393,4795302950,335
Blackberry,2449401179,5160733548,909
HTC,3597762747,9233666656,978
Blackberry,3603539244,11202535485,415
Motorola,3696871835,7642375685,805
Blackberry,5099346479,10310564149,1412
Blackberry,5406315591,11723644489,1465
BENQ,3797923314,8953992375,424
Blackberry,2081708301,3773904176,1398
Blackberry,2101742235,3832934236,1136
Blackberry,2291836736,4478409344,148
Ericsson,4201078256,8033623902,1349
Ericsson,2893954961,7411202471,711
Ericsson,5198993835,8098884726,867
Ericsson,1376334072,1888810343,785
Ericsson,2629824834,6027188614,166
Ericsson,2665023621,6208258609,359
Ericsson,4002251471,10133557378,209
Huawei,4014379510,6166753650,1214
Ericsson,3206619127,12591144200,1267
Ericsson,1980623782,3468428296,1430
Ericsson,2425002380,5035286091,1439
Ericsson,2343809222,4714492238,950
Ericsson,4906559065,11325687656,1301
Ericsson,4910720184,11572883252,222
Ericsson,6399949833,10604710959,1302
Ericsson,7896855565,8382638621,789
Huawei,4014379510,6166753648,68
Ericsson,2688112541,6334760948,456
Nokia,4093094429,8175405945,1065
Ericsson,2700165531,6412352363,1243
XIAOMI,4100402620,10214261617,1134
BENQ,4103228739,12043917256,1284
Huawei,4116339274,6828093150,797
Ericsson,5107828166,11125091003,174
Ericsson,5802470937,11518120575,1176
Ericsson,1979419994,3470912026,147
Ericsson,2487213077,5310954127,1173
ASUS,6405987460,10069813826,97
XIAOMI,4200124820,9290252769,945
ASUS,7502333393,10820795574,1273
ASUS,2002030354,3533137300,860
ASUS,2375199670,4832169450,1061
ASUS,2802578441,6948281301,74
ASUS,3107927831,7937194974,719
ASUS,2579986463,5804496979,174
ASUS,2605819115,5936240889,972
ASUS,7496375552,7913545923,729
XIAOMI,4212317256,12142716590,566
ASUS,2201277665,4141512250,1232
ASUS,2323984884,4656959550,1133
ASUS,2505649110,5383475902,1366
ASUS,2730145180,6574170641,1092
ASUS,2873970087,7328950892,15
ASUS,3600743292,9727927769,495
ASUS,3605238865,12608185079,1089
HTC,4291676988,7607136062,1470
ASUS,2442443295,5126464713,1138
BENQ,4206655562,12511390322,784
BENQ,4900008739,8584770463,463
BENQ,7806520560,12358118881,1172
BENQ,7891587359,7900311675,1482
BENQ,4305808233,12900678864,895
BENQ,7908597457,10940850828,1091
BENQ,2430178933,5066665934,603
BENQ,3596317601,7836173162,1124
BENQ,2032001654,3621324913,356
BENQ,2061377073,3712479466,512
BENQ,2716068160,6464639294,685
BENQ,5405369410,12602580111,1448
BENQ,3705786856,11456211144,1223
VIVO,4400767482,10603074153,1408
BENQ,5706326540,10384958249,91
BENQ,1914071674,3271360260,1109
BENQ,2102274646,3836554886,178
BENQ,6599719058,9387608157,53
HP,4402657889,8908205960,517
BENQ,1807304032,3071322077,1249
BENQ,5405155541,11313820164,610
BENQ,2589647346,5853698515,631
BENQ,6097245415,8680792888,1080
BENQ,2782189637,6871125267,525
BENQ,2855331342,7212998403,1216
BENQ,7899095964,9081344484,878
BENQ,4492099557,8051607314,2
BENQ,5201955095,11510510984,341
BENQ,1902801832,3257156304,1177
BENQ,2251266876,4314409703,567
BENQ,6096695603,8932122461,308
BENQ,6708615568,12234322574,398
VIVO,4409797526,12644450173,305
Huawei,4419224385,7881022038,1497
BENQ,7804101340,12172822071,1099
BENQ,4898876213,9507583041,759
Huawei,4419224385,7881022040,95
BENQ,2005361690,3538355807,809
BENQ,6506164490,11316024319,1431
Huawei,4419224385,7881022041,932
Huawei,4419224385,7881022044,953
BENQ,4607250846,10692112252,827
BENQ,4699615233,8002210720,804
BENQ,2272276022,6226017721,1012
BENQ,7298129768,10247050177,753
BENQ,1794684010,3037804683,534
BENQ,2551377793,5641599295,371
BENQ,2713967548,6461394995,322
BENQ,6810123496,12042540741,24
XIAOMI,4504016658,11003058308,56
BENQ,7005055305,11857092323,1097
BENQ,7107537955,10618685196,1164
BENQ,4597980833,10111054498,1181
BENQ,2184068152,4093216605,1179
BENQ,7411326417,11921369034,718
BENQ,2726850005,6548294907,1212
BENQ,2751156033,6708864911,572
BENQ,2784419551,6867137718,588
BENQ,1073458175,1021107862,653
BENQ,4506808922,12133581279,84
BENQ,3406957818,12334912447,1291
BENQ,2084058369,3825659386,688
BENQ,2160814118,4023686934,1171
BENQ,2280417480,4414302117,833
BENQ,2402122526,4936614615,574
XIAOMI,4602130962,9324831021,624
ASUS,4607376301,11050854790,365
BENQ,2518789059,5471362192,1237
HTC,4704508598,10045734191,239
BENQ,1984158772,3475577984,12
BENQ,3197112578,9516152391,1439
HTC,4797715446,8282145228,1113
BENQ,2781340768,6865986291,691
BENQ,2822267789,7060224720,1224
VIVO,4806203854,12733712043,326
BENQ,3809824910,11386381864,958
Blackberry,4808857146,13049525958,1302
HTC,4898937250,9803665654,839
BENQ,2421342578,5026301790,1329
BENQ,2790951837,6914035287,322
BENQ,2660366801,6194176719,1290
Nokia,4904256021,10294284754,861
BENQ,4008170758,12468001391,526
BENQ,7403940800,11162415496,1281
BENQ,7900186805,7838639869,1092
BENQ,6699988966,10030701933,1196
BENQ,1163183201,1232187639,649
BENQ,2149653848,3999419175,500
BENQ,2450037193,5141758317,587
BENQ,2628370615,6026429998,1250
BENQ,2660684536,6202572146,1163
BENQ,2600825082,5921158038,994
BENQ,2759762563,6738553335,117
BENQ,4405969852,11612667870,1
Huawei,5113352050,5869362462,1402
BENQ,7003389353,10558655910,13
BENQ,2325658334,4643186660,127
BENQ,2177324076,4080642231,463
BENQ,2328867115,4682990004,369
BENQ,2714820439,6484260024,720
BENQ,2439038824,5096044306,40
Huawei,5113352050,5869362460,1172
BENQ,2774047424,6821764868,664
BENQ,2792512653,6915805303,551
Huawei,5113352050,5869362455,1433
BENQ,3406132495,9951080877,377
BENQ,6397812469,9888493719,588
BENQ,4601331260,10370248397,990
Huawei,5113352050,5869362461,1008
Huawei,5129423155,11585065536,833
BENQ,6805009486,10998638689,198
Huawei,5129423155,11585065541,372
BENQ,2315328142,4614102313,1267
BENQ,3701718739,8506305972,970
BENQ,5902930773,11514351045,228
BENQ,7596272383,8484981399,950
BENQ,4708130902,11798180305,31
BENQ,6509224817,11409937330,1134
Huawei,5129423155,11585065540,366
Blackberry,5200797251,8169631451,1207
BENQ,2743692716,6664746306,1225
BENQ,2278043493,4432961292,299
BENQ,5201137629,8354257775,45
BENQ,2464914045,5216413488,206
BENQ,4896134255,9134681784,49
BENQ,2879502934,7343259982,859
BENQ,3608652491,12826306942,171
BENQ,4907944088,12313067277,846
BENQ,5005879403,11751804578,152
BENQ,2349347354,4760689853,337
BENQ,2471451415,5254727532,854
HTC,5300752533,10683922299,300
BENQ,2328624459,4677545084,1154
BENQ,4406914464,11235884854,6
BENQ,2703775919,6429501494,889
BENQ,2873655678,7343997085,1034
BENQ,6902916440,11177930359,1381
XIAOMI,5302463252,10003372146,599
BENQ,7606211874,11066038016,187
XIAOMI,5397441223,9817780495,840
BENQ,5403663767,11663597012,87
BENQ,2528717717,5538365713,1500
BENQ,2573840426,5792772461,924
BENQ,2638371570,6095888068,1234
BENQ,2011852887,3556173932,1075
Nokia,5505921764,10487353103,802
BENQ,5601161605,10893527637,884
BENQ,3304097083,9346112174,883
Nokia,5605003045,10763704403,79
BENQ,5907369849,10758583398,196
Nokia,5605272306,10693111097,1044
BENQ,2536540808,5541524090,767
BENQ,1763947454,2942575906,389
BENQ,2582321190,5828358813,1445
BENQ,2311475112,4603210275,1380
BENQ,2450008038,5160263125,187
BENQ,2830086682,7095945300,62
BENQ,6103532363,10146872395,808
BENQ,6412623782,12502554711,463
BENQ,6609903201,11174090786,1355
BENQ,5697934675,8578533117,523
BENQ,2448200193,5141904584,98
BENQ,2539671207,5599697160,518
BENQ,2591502020,5859661991,122
BENQ,2789209465,6913064159,223
BENQ,3109882704,9582189711,702
VIVO,5698575730,10374044856,376
BENQ,3204915707,9896168028,1445
BENQ,3808413028,13013392882,91
BENQ,3998641475,10428350136,747
Nokia,5805734574,11251416544,1360
BENQ,520895842,682068356,273
BENQ,2386670574,4885365462,710
BENQ,2319281777,4618388470,508
BENQ,2687074428,6338092318,871
BENQ,2347549135,4736499113,1176
BENQ,2422614606,5032000395,1417
BENQ,2072716085,3749388320,1192
BENQ,2836130776,7149623229,643
BENQ,3796428991,9153860474,1074
Nokia,5899863519,9675951473,489
BENQ,6801535892,10556708272,1177
BENQ,5701965573,9253467618,1328
BENQ,6597330092,9222047997,960
BENQ,2837276405,7127325656,275
BENQ,3997531617,7908119463,1152
BENQ,2854678056,7219705308,611
BENQ,6202303322,10996774963,483
Nokia,6000188058,10706238042,270
BENQ,2555831446,5659390165,153
BENQ,2594354748,5859971311,621
BENQ,6002196495,11386579096,181
BENQ,2873298516,7346223757,224
BENQ,1861405788,3206596327,233
HTC,6005155334,12773285838,1003
BENQ,7006559494,11615914235,108
BENQ,7002889711,11914178832,462
BENQ,3407820912,12922973042,548
BENQ,2295744045,4529925238,1114
BENQ,2520005764,5456866471,132
XIAOMI,6095875035,7883021083,546
BENQ,2696170838,6390314989,175
BENQ,2745825000,6679238609,153
BENQ,2777431168,6843340766,715
BENQ,2866175961,7309853805,160
BENQ,3996946038,8460045604,1091
Nokia,6098660520,8649002260,583
BENQ,2747795896,6677986827,163
BENQ,2838840414,7134944840,652
BENQ,2862823812,7272728412,22
BENQ,6102507068,9584217978,15
BENQ,4108082324,12611412704,566
BENQ,6104694128,12231139570,363
BENQ,6410441584,11875021588,49
BENQ,2637645044,6087777352,529
BENQ,2802175034,6963264861,917
BENQ,6203700971,8969111501,1134
Blackberry,6300616417,8832364626,914
BENQ,2595014451,5882745760,874
BENQ,2724924480,6531426696,981
BENQ,2823011380,7077197114,881
BENQ,7594887823,8873880926,370
BENQ,7806856737,10551542082,1257
BENQ,2785570751,6881645999,686
BENQ,2140431360,3969210786,939
BENQ,2400556301,4949267644,243
BENQ,2507303228,5402519753,1480
BENQ,5100408308,7826074550,556
Nokia,6392786758,8121434714,605
BENQ,6602565974,9044487420,813
BENQ,2465750915,5217219691,417
BENQ,2667064232,6227976745,912
BENQ,2790937077,6885448953,670
BENQ,3294910440,7655438028,382
BENQ,3999183845,10753597339,697
BENQ,4993767483,7702340560,535
BENQ,2544899701,5600288514,15
BENQ,2556016382,5687287597,1363
BENQ,5501641959,10754974577,100
BENQ,3119547477,12930933537,1480
BENQ,6804047880,12091035368,753
BENQ,3505027140,12877754051,1332
BENQ,3899653308,10540600937,11
XIAOMI,6392908042,7862740128,1314
BENQ,5708294447,12246566439,707
BENQ,1723501849,2831085526,257
BENQ,3507459583,13067151550,375
XIAOMI,6492435349,8185767962,1216
BENQ,2581952480,5803125804,558
BENQ,338036123,4684504161,862
BENQ,4406621881,11940913312,776
BENQ,6513456218,12727895473,802
BENQ,6599584395,9938181330,929
BENQ,1968183619,3435435071,202
XIAOMI,2441755700,5113058472,1290
XIAOMI,2473388215,5260599930,980
HTC,6601093012,8115483281,1160
Motorola,6604643847,9570734915,244
XIAOMI,6100162770,9586907158,154
XIAOMI,2535630905,5537819118,897
XIAOMI,2594353098,5888646880,479
Huawei,6725642683,10390447511,1203
Huawei,6725642683,10390447512,728
BENQ,6911371220,12056306214,163
BENQ,6999623498,10759254169,205
Nokia,7001209851,11607875208,1262
XIAOMI,4499706199,8845645638,1255
XIAOMI,6098505611,8661703036,1091
XIAOMI,2330713266,4668802295,302
XIAOMI,2605706034,5917420956,546
XIAOMI,951978400,799077627,348
XIAOMI,3202245073,9996634624,768
XIAOMI,1801659413,3056252928,959
BENQ,7004174533,11198427228,603
VIVO,7007540409,10715984541,853
HTC,7102471177,9261464049,463
Nokia,7103773231,10609823941,1138
XIAOMI,2275662499,4418936911,1185
Blackberry,7192099830,8108216478,752
XIAOMI,7611803763,12802816541,1347
XIAOMI,7302263539,11877370952,96
XIAOMI,2751593150,6705341627,692
ASUS,2797137092,6915943416,148
ASUS,3604652653,10998989294,292
ASUS,4305271192,9962535976,82
ASUS,2478335893,5266010442,1266
ASUS,6207308064,11731538244,718
ASUS,6902334535,9895217827,800
ASUS,1452991056,2084257267,402
ASUS,2264467482,4361324852,1381
ASUS,7404448460,10825815903,987
ASUS,2428633974,5052159015,1339
ASUS,5702198603,11572032141,526
ASUS,5899818836,10070447408,1255
ASUS,2690841166,6349688643,1331
ASUS,2691651035,6362261112,180
ASUS,2792720685,6918012563,67
ASUS,4509878141,11300474946,609
XIAOMI,7405195874,9896024863,239
ASUS,4805791254,11316163779,634
ASUS,2475308237,5269112002,4
ASUS,2765746154,6771608107,393
ASUS,7204901461,11567098924,1021
ASUS,3898571110,7763113994,206
ASUS,2077852941,3758364537,894
ASUS,5005295423,12082593719,338
ASUS,5106365753,12311652636,819
ASUS,5512198081,12340425387,681
ASUS,1794763199,3032094481,1493
ASUS,2445439961,5128449560,273
ASUS,2568509441,5744278935,1404
ASUS,2367773068,4807728484,268
ASUS,5010347022,12860771286,322
VIVO,7406947817,12296602621,155
VIVO,3210179915,12857604497,413
VIVO,5212507308,13009982696,901
VIVO,6501465922,10321008200,1339
VIVO,2532942498,5540424725,1016
VIVO,2811039956,6998900740,959
VIVO,6308705800,12163641216,35
Motorola,7501107108,10202205252,22
VIVO,4607110678,12054444905,1499
VIVO,5099702529,9822084196,287
VIVO,6203742616,10822751199,146
VIVO,6807390678,12222330877,657
VIVO,2296945291,4540826774,827
VIVO,2311708830,4609326614,1100
VIVO,3200258436,9716322236,1028
VIVO,2664618830,6219743463,1386
VIVO,4399134838,9997594636,545
VIVO,5599686474,8404992075,831
VIVO,7103036745,11387995770,982
VIVO,7703267828,9288240778,153
BENQ,7598643024,9768408485,781
VIVO,6697682418,9502206114,1415
VIVO,1922273768,3293948952,1469
VIVO,2493836708,5334700397,1278
VIVO,2489419520,5341291894,230
VIVO,2752226823,6700420714,567
VIVO,2663955139,6201452603,989
VIVO,3411430869,11955346799,551
VIVO,7603134254,9941523163,1453
VIVO,5294108788,8812668529,568
Ericsson,7609986213,12860785175,1406
VIVO,2185846260,4103483596,1347
VIVO,2446295840,5144888755,341
VIVO,2538806973,5587541097,560
VIVO,2669879943,6222036349,529
VIVO,3999675240,9165400138,466
VIVO,3613829881,12736273920,544
VIVO,4704842167,12722679688,202
VIVO,6701747951,9947499372,1248
VIVO,7792478904,7625430939,460
Nokia,7793262488,7619682699,3
BENQ,7794334043,7698795913,974
XIAOMI,7796671468,8958622666,1234
HTC,7797621528,7838702899,1477
VIVO,2564572271,5739036454,676
VIVO,2752407397,6711229692,348
VIVO,7799565744,7799860701,1327
VIVO,4902149658,10974549361,1261
VIVO,1184999777,1313135937,740
BENQ,7802394899,10251926290,372
VIVO,2132422363,3945857897,13
VIVO,2194128803,4116285602,512
VIVO,1957675925,3415914448,28
VIVO,1966547810,3435075112,176
VIVO,2704676948,6404104834,132
VIVO,4400704888,7909170676,268
VIVO,4206044755,12517460276,1302
BENQ,7901875531,9043157071,1340
VIVO,5910479912,11388045619,1208
VIVO,1817768014,3093337959,428
VIVO,2345552644,4732815934,430
VIVO,2751330079,6714128397,723
VIVO,2518400587,5452843954,641
VIVO,2889842623,7413917912,112
VIVO,3603062155,10976576771,362
VIVO,5306382870,11989146913,218
VIVO,5404121220,12622814257,610
VIVO,7900369385,9223319822,560
Nokia,7904993793,12374455801,638
